season,date,home_team,away_team,home_odds,draw_odds,away_odds,over_1_5_odds,over_2_5_odds,btts_odds,source
2023,2023-11-08,Alianza Lima,Universitario,2.14,2.96,3,1.44,2.3,2,footystats
2023,2023-11-04,Universitario,Alianza Lima,2.1,3.3,3.5,1.36,2.08,1.85,footystats
2023,2023-10-29,ADT,Carlos Manucci,1.67,3.4,4.6,1.32,2.04,1.9,footystats
2023,2023-10-29,Sporting Cristal,Alianza Atlético,1.3,4.62,8,1.23,1.76,2.1,footystats
2023,2023-10-29,Universitario,Sport Huancayo,1.29,4.57,8.45,1.26,1.81,2.27,footystats
2023,2023-10-29,Deportivo Binacional,Melgar,2.63,3.15,2.42,1.28,1.86,1.71,footystats
2023,2023-10-29,Deportivo Garcilaso,Alianza Lima,2.57,3.15,2.48,1.33,1.92,1.72,footystats
2023,2023-10-29,Atlético Grau,Unión Comercio,1.85,3.5,3.55,1.28,1.88,1.73,footystats
2023,2023-10-28,Deportivo Municipal,Academia Cantolao,1.34,5.01,7.37,1.19,1.7,2.05,footystats
2023,2023-10-28,Sport Boys,Cienciano,2.37,3.35,2.57,1.29,1.91,1.73,footystats
2023,2023-10-28,César Vallejo,Real Garcilaso,2.13,3.23,3.44,1.3,1.99,1.75,footystats
2023,2023-10-23,Academia Cantolao,Atlético Grau,2.9,3.6,2.1,1.18,1.57,1.5,footystats
2023,2023-10-22,Cienciano,Sporting Cristal,2.5,3.1,2.8,1.38,2.15,1.83,footystats
2023,2023-10-22,Carlos Manucci,Deportivo Binacional,1.85,3.2,4.2,1.36,2.05,1.83,footystats
2023,2023-10-22,Sport Huancayo,Sport Boys,1.6,4,4.75,1.22,1.7,1.73,footystats
2023,2023-10-22,Unión Comercio,Deportivo Garcilaso,2,3.3,3.3,1.26,1.9,1.73,footystats
2023,2023-10-21,Real Garcilaso,Universitario,2.8,3.1,2.4,1.28,1.85,1.67,footystats
2023,2023-10-21,Alianza Lima,ADT,1.45,3.8,7,1.38,2.15,2.25,footystats
2023,2023-10-21,Alianza Atlético,Deportivo Municipal,1.44,4.75,5.75,1.22,1.75,1.91,footystats
2023,2023-10-20,UTC Cajamarca,César Vallejo,2.15,3.4,3.1,1.3,1.9,1.73,footystats
2023,2023-10-08,ADT,Unión Comercio,1.4,4,8,1.24,1.85,2.01,footystats
2023,2023-10-08,Atlético Grau,Alianza Atlético,1.8,3.2,4.5,1.28,1.9,1.8,footystats
2023,2023-10-07,Deportivo Garcilaso,Academia Cantolao,1.29,5,10,1.22,1.85,2.45,footystats
2023,2023-10-07,Deportivo Municipal,Cienciano,3.75,3.25,2,1.28,2,1.79,footystats
2023,2023-10-03,Deportivo Binacional,Alianza Lima,2.35,3.35,2.95,1.28,1.8,1.62,footystats
2023,2023-10-03,Melgar,Carlos Manucci,1.11,7,23,1.18,1.57,3,footystats
2023,2023-10-03,Sport Boys,Real Garcilaso,2.2,3.2,3.2,1.36,2.05,1.82,footystats
2023,2023-10-03,Sporting Cristal,Sport Huancayo,1.57,4,5,1.29,1.85,1.73,footystats
2023,2023-10-02,Universitario,UTC Cajamarca,1.5,3.5,6.5,1.46,2.5,3,footystats
2023,2023-10-01,Academia Cantolao,ADT,4.47,3.62,1.64,1.22,1.68,1.7,footystats
2023,2023-10-01,Alianza Atlético,Deportivo Garcilaso,2.2,3.5,3.1,1.28,1.83,1.65,footystats
2023,2023-09-30,Cienciano,Atlético Grau,1.63,3.44,4.27,1.25,1.83,1.79,footystats
2023,2023-09-29,Real Garcilaso,Sporting Cristal,2.46,3.16,2.4,1.3,2,1.72,footystats
2023,2023-09-29,Sport Huancayo,Deportivo Municipal,1.14,5.1,14.18,1.22,1.8,2.75,footystats
2023,2023-09-29,UTC Cajamarca,Sport Boys,1.64,3.46,4.16,1.3,1.93,1.87,footystats
2023,2023-09-28,Alianza Lima,Melgar,1.68,3.23,4.23,1.3,1.78,1.85,footystats
2023,2023-09-28,César Vallejo,Universitario,2.66,3.12,2.25,1.3,1.81,1.65,footystats
2023,2023-09-28,Unión Comercio,Deportivo Binacional,2.05,3.15,2.99,1.25,1.7,1.68,footystats
2023,2023-09-25,Sporting Cristal,UTC Cajamarca,1.3,4.11,7.74,1.22,1.73,2.02,footystats
2023,2023-09-25,Atlético Grau,Sport Huancayo,1.67,3.26,4.24,1.28,1.9,1.85,footystats
2023,2023-09-25,Deportivo Municipal,Real Garcilaso,3.16,2.99,2.04,1.28,1.85,1.76,footystats
2023,2023-09-24,Deportivo Garcilaso,Cienciano,2,3.27,3,1.26,1.74,1.7,footystats
2023,2023-09-24,Carlos Manucci,Alianza Lima,3.97,3.26,1.72,1.28,1.84,1.82,footystats
2023,2023-09-24,Melgar,Unión Comercio,1.24,4.38,9.59,1.2,1.66,2.09,footystats
2023,2023-09-24,Sport Boys,César Vallejo,2.62,2.99,2.36,1.24,1.76,1.67,footystats
2023,2023-09-24,ADT,Alianza Atlético,1.51,3.52,5.13,1.27,1.76,1.85,footystats
2023,2023-09-23,Deportivo Binacional,Academia Cantolao,1.5,4,5,1.22,1.7,1.73,footystats
2023,2023-09-21,César Vallejo,Sporting Cristal,2.88,3.1,2.27,1.27,1.95,1.66,footystats
2023,2023-09-21,Real Garcilaso,Atlético Grau,1.65,3.55,4.5,1.25,1.85,1.85,footystats
2023,2023-09-21,Sport Huancayo,Deportivo Garcilaso,1.75,3.43,4.03,1.25,1.8,1.73,footystats
2023,2023-09-20,Universitario,Sport Boys,1.24,4.88,9.95,1.17,1.62,2.1,footystats
2023,2023-09-20,Cienciano,ADT,1.83,3.28,3.85,1.33,1.95,1.8,footystats
2023,2023-09-20,UTC Cajamarca,Deportivo Municipal,1.37,4.06,6.05,1.22,1.73,1.85,footystats
2023,2023-09-20,Unión Comercio,Carlos Manucci,1.97,3.2,3.47,1.3,2.05,1.75,footystats
2023,2023-09-19,Academia Cantolao,Melgar,6.53,4.18,1.37,1.22,1.75,1.91,footystats
2023,2023-09-19,Alianza Atlético,Deportivo Binacional,1.62,3.56,4.52,1.16,1.59,1.57,footystats
2023,2023-09-17,Alianza Lima,Unión Comercio,1.22,6,11,1.19,1.7,2.38,footystats
2023,2023-09-17,ADT,Sport Huancayo,2.1,3.4,3.4,1.27,1.9,1.73,footystats
2023,2023-09-16,Sporting Cristal,Universitario,2.2,3.5,3.1,1.26,1.9,1.72,footystats
2023,2023-09-16,Deportivo Garcilaso,Real Garcilaso,1.91,3.6,3.5,1.22,1.8,1.69,footystats
2023,2023-09-16,Deportivo Municipal,César Vallejo,2.9,3.75,2.15,1.26,1.9,1.72,footystats
2023,2023-09-15,Deportivo Binacional,Cienciano,1.91,3.5,3.8,1.26,1.9,1.76,footystats
2023,2023-09-15,Melgar,Alianza Atlético,1.25,5.5,10,1.23,1.7,2.29,footystats
2023,2023-09-15,Carlos Manucci,Academia Cantolao,1.53,3.75,5.5,1.33,2.1,2.27,footystats
2023,2023-09-15,Atlético Grau,UTC Cajamarca,1.53,4,5.75,1.28,1.85,1.95,footystats
2023,2023-09-10,Universitario,Deportivo Municipal,1.23,5.85,10.5,1.16,1.53,1.91,footystats
2023,2023-09-10,Sport Boys,Sporting Cristal,4.6,3.8,1.7,1.29,1.96,1.89,footystats
2023,2023-09-09,Cienciano,Melgar,2.38,3.35,2.82,1.25,1.8,1.65,footystats
2023,2023-09-09,Academia Cantolao,Alianza Lima,7.8,4.65,1.36,1.25,1.8,2.1,footystats
2023,2023-09-04,César Vallejo,Atlético Grau,1.71,3.33,4.45,1.36,2.11,2.1,footystats
2023,2023-09-03,UTC Cajamarca,Deportivo Garcilaso,2.01,3.23,3.3,1.29,1.86,1.78,footystats
2023,2023-09-03,Sport Huancayo,Deportivo Binacional,1.49,4.15,6.85,1.31,2.05,2.16,footystats
2023,2023-09-02,Real Garcilaso,ADT,1.8,3.4,3.8,1.17,1.62,1.57,footystats
2023,2023-09-02,Alianza Atlético,Carlos Manucci,2.06,3.25,3.17,1.38,2.1,1.95,footystats
2023,2023-08-28,Deportivo Garcilaso,César Vallejo,1.41,4.2,5.8,1.25,1.78,2,footystats
2023,2023-08-28,ADT,UTC Cajamarca,1.67,3.65,4.05,1.24,1.78,1.82,footystats
2023,2023-08-27,Melgar,Sport Huancayo,1.57,4.01,5.43,1.28,1.83,1.91,footystats
2023,2023-08-27,Deportivo Municipal,Sport Boys,2.68,3.38,2.5,1.29,1.82,1.74,footystats
2023,2023-08-27,Atlético Grau,Universitario,3.46,3.38,2.07,1.33,1.96,1.86,footystats
2023,2023-08-26,Alianza Lima,Alianza Atlético,1.32,4.4,8.25,1.34,1.98,2.57,footystats
2023,2023-08-26,Deportivo Binacional,Real Garcilaso,1.8,3.6,4,1.32,2.05,1.89,footystats
2023,2023-08-26,Carlos Manucci,Cienciano,2.15,3.15,3.1,1.34,2,1.9,footystats
2023,2023-08-26,Unión Comercio,Academia Cantolao,1.6,3.7,5,1.33,2,1.89,footystats
2023,2023-08-21,César Vallejo,ADT,1.96,3.2,2.98,1.3,1.85,1.85,footystats
2023,2023-08-21,UTC Cajamarca,Deportivo Binacional,1.73,3.5,4.2,1.22,1.67,1.68,footystats
2023,2023-08-21,Sport Boys,Atlético Grau,2.05,3.1,3.4,1.36,1.95,1.85,footystats
2023,2023-08-20,Cienciano,Alianza Lima,2.29,3.3,2.64,1.27,2.01,1.7,footystats
2023,2023-08-20,Sporting Cristal,Deportivo Municipal,1.18,5.49,9.08,1.17,1.48,2.15,footystats
2023,2023-08-19,Universitario,Deportivo Garcilaso,1.29,5,8.35,1.2,1.6,1.78,footystats
2023,2023-08-19,Sport Huancayo,Carlos Manucci,1.57,3.7,5.33,1.33,2,2.05,footystats
2023,2023-08-19,Real Garcilaso,Melgar,2.91,3.31,2.11,1.3,2,1.8,footystats
2023,2023-08-19,Alianza Atlético,Unión Comercio,1.87,3.4,3.76,1.36,2.03,1.95,footystats
2023,2023-08-17,Atlético Grau,Sporting Cristal,2.75,3.05,2.4,1.31,1.88,1.83,footystats
2023,2023-08-17,Deportivo Binacional,César Vallejo,2,3.25,3.65,1.31,1.91,1.84,footystats
2023,2023-08-16,Alianza Lima,Sport Huancayo,1.51,3.8,5.5,1.26,1.87,1.88,footystats
2023,2023-08-16,Deportivo Garcilaso,Sport Boys,1.33,4.75,7,1.28,1.53,1.9,footystats
2023,2023-08-16,Carlos Manucci,Real Garcilaso,2.03,3.18,3.21,1.3,1.9,1.8,footystats
2023,2023-08-16,ADT,Universitario,3.2,3.25,2.25,1.31,2.03,1.81,footystats
2023,2023-08-15,Melgar,UTC Cajamarca,1.25,5.03,5.42,1.26,1.72,2.25,footystats
2023,2023-08-15,Academia Cantolao,Alianza Atlético,2.45,3.15,2.65,1.33,2,1.83,footystats
2023,2023-08-15,Unión Comercio,Cienciano,2.4,3.25,2.65,1.42,2.15,1.93,footystats
2023,2023-08-14,Deportivo Municipal,Atlético Grau,2.11,3,2.83,1.3,1.88,1.76,footystats
2023,2023-08-13,Real Garcilaso,Alianza Lima,2.88,3.1,2.13,1.3,1.98,1.81,footystats
2023,2023-08-13,Sporting Cristal,Deportivo Garcilaso,1.36,4.45,6.3,1.22,1.67,1.91,footystats
2023,2023-08-12,Universitario,Deportivo Binacional,1.17,6.9,15,1.12,1.42,2,footystats
2023,2023-08-12,Cienciano,Academia Cantolao,1.24,4.84,5.8,1.22,1.7,2.1,footystats
2023,2023-08-12,Sport Boys,ADT,2.37,3,2.47,1.35,2,1.8,footystats
2023,2023-08-11,César Vallejo,Melgar,2.45,3.2,2.5,1.29,1.9,1.7,footystats
2023,2023-08-11,UTC Cajamarca,Carlos Manucci,1.68,3.8,4.85,1.27,1.9,1.75,footystats
2023,2023-08-11,Sport Huancayo,Unión Comercio,1.29,5.25,10,1.2,1.68,1.8,footystats
2023,2023-08-07,Deportivo Garcilaso,Deportivo Municipal,1.28,5,8,1.21,1.7,2.3,footystats
2023,2023-08-07,Academia Cantolao,Sport Huancayo,5.1,3.55,1.62,1.3,1.85,1.82,footystats
2023,2023-08-06,Melgar,Universitario,2.05,3.1,3.51,1.31,2.19,1.8,footystats
2023,2023-08-06,ADT,Sporting Cristal,2.45,3.2,2.67,1.3,1.9,1.75,footystats
2023,2023-08-06,Carlos Manucci,César Vallejo,2.75,3.2,2.39,1.36,2,1.85,footystats
2023,2023-08-06,Alianza Atlético,Cienciano,2.25,3.3,3,1.23,1.74,1.62,footystats
2023,2023-08-05,Alianza Lima,UTC Cajamarca,1.3,4.7,10,1.27,1.88,2.35,footystats
2023,2023-08-05,Deportivo Binacional,Sport Boys,1.55,4.15,5.5,1.22,1.71,1.8,footystats
2023,2023-08-04,Unión Comercio,Real Garcilaso,2.24,3.07,2.72,1.26,1.8,1.68,footystats
2023,2023-08-01,Deportivo Municipal,ADT,2.25,3.3,3.15,1.3,1.86,1.72,footystats
2023,2023-07-31,Universitario,Carlos Manucci,1.23,5.56,9.44,1.2,1.65,2.25,footystats
2023,2023-07-31,Sport Huancayo,Alianza Atlético,1.32,4.6,5.4,1.22,1.65,2,footystats
2023,2023-07-31,Sport Boys,Melgar,3.3,3.3,2,1.33,1.98,1.83,footystats
2023,2023-07-30,Atlético Grau,Deportivo Garcilaso,1.82,3.14,3.43,1.31,2.03,1.95,footystats
2023,2023-07-29,César Vallejo,Alianza Lima,3.3,3.1,2.15,1.3,1.93,1.7,footystats
2023,2023-07-29,UTC Cajamarca,Unión Comercio,1.47,4.05,5.2,1.23,1.71,1.87,footystats
2023,2023-07-28,Real Garcilaso,Academia Cantolao,1.23,4.77,8.74,1.17,1.57,2.1,footystats
2023,2023-07-27,Sporting Cristal,Deportivo Binacional,1.21,7.35,10.34,1.15,1.45,2.15,footystats
2023,2023-07-24,Deportivo Binacional,Deportivo Municipal,1.5,4.2,6,1.22,1.86,1.95,footystats
2023,2023-07-23,ADT,Atlético Grau,1.7,3.6,4.33,1.22,1.67,1.72,footystats
2023,2023-07-23,Melgar,Sporting Cristal,2.1,3.4,3.1,1.14,1.61,1.45,footystats
2023,2023-07-23,Carlos Manucci,Sport Boys,2.25,3.1,2.9,1.25,1.87,1.65,footystats
2023,2023-07-23,Academia Cantolao,UTC Cajamarca,2.4,3.2,2.73,1.28,1.93,1.78,footystats
2023,2023-07-22,Alianza Lima,Universitario,1.92,3.2,3.45,1.15,2,1.48,footystats
2023,2023-07-22,Alianza Atlético,Real Garcilaso,2.02,3.09,3.11,1.3,1.84,1.75,footystats
2023,2023-07-21,Cienciano,Sport Huancayo,2.15,3.1,2.95,1.31,1.92,1.73,footystats
2023,2023-07-21,Unión Comercio,César Vallejo,2.58,3.38,2.68,1.3,1.87,1.75,footystats
2023,2023-07-17,Deportivo Municipal,Melgar,4.33,3.56,1.83,1.3,1.8,1.94,footystats
2023,2023-07-16,Real Garcilaso,Cienciano,2.18,3.35,3.2,1.38,2.15,1.9,footystats
2023,2023-07-16,Sport Boys,Alianza Lima,8.5,4.75,1.29,1.22,1.9,2.1,footystats
2023,2023-07-16,Atlético Grau,Deportivo Binacional,1.33,5.25,8.7,1.18,1.58,1.65,footystats
2023,2023-07-15,César Vallejo,Academia Cantolao,1.3,4.6,8.5,1.22,1.61,2.15,footystats
2023,2023-07-15,Sporting Cristal,Carlos Manucci,1.18,6,9.5,1.1,1.5,1.8,footystats
2023,2023-07-15,Deportivo Garcilaso,ADT,1.61,4.1,4.89,1.22,1.7,1.75,footystats
2023,2023-07-14,Universitario,Unión Comercio,1.18,5.95,11,1.18,1.55,2.2,footystats
2023,2023-07-14,UTC Cajamarca,Alianza Atlético,1.77,3.5,4,1.27,1.78,1.78,footystats
2023,2023-07-10,Sport Huancayo,Real Garcilaso,1.73,3.32,3.83,1.26,1.78,1.75,footystats
2023,2023-07-09,Deportivo Binacional,Deportivo Garcilaso,1.97,3.35,2.84,1.24,1.65,1.68,footystats
2023,2023-07-09,Carlos Manucci,Deportivo Municipal,1.29,5.2,9.6,1.34,1.94,2.5,footystats
2023,2023-07-09,Unión Comercio,Sport Boys,2,3.25,3.25,1.23,1.75,1.62,footystats
2023,2023-07-08,Alianza Lima,Sporting Cristal,1.94,2.97,3.25,1.22,1.75,1.62,footystats
2023,2023-07-08,Cienciano,UTC Cajamarca,1.91,3.31,3,1.23,1.75,1.78,footystats
2023,2023-07-08,Alianza Atlético,César Vallejo,2.17,3.2,3.05,1.23,1.71,1.6,footystats
2023,2023-07-07,Academia Cantolao,Universitario,8,4.33,1.36,1.17,1.83,2,footystats
2023,2023-07-07,Melgar,Atlético Grau,1.4,4.2,7.5,1.23,1.85,1.85,footystats
2023,2023-07-04,Sport Boys,Academia Cantolao,1.47,3.9,5.5,1.25,1.75,1.91,footystats
2023,2023-07-03,Universitario,Alianza Atlético,1.26,4.55,5.99,0,1.76,2.2,footystats
2023,2023-07-03,César Vallejo,Cienciano,1.87,3.35,3.05,1.24,1.77,1.68,footystats
2023,2023-07-02,Atlético Grau,Carlos Manucci,1.5,3.95,5.55,1.23,1.71,1.85,footystats
2023,2023-07-02,Sporting Cristal,Unión Comercio,1.31,4.8,7.9,0,1.64,2.1,footystats
2023,2023-07-01,Deportivo Municipal,Alianza Lima,5.95,4.7,1.4,1.29,1.9,1.95,footystats
2023,2023-07-01,Deportivo Garcilaso,Melgar,2.5,3.2,2.61,1.29,1.9,1.73,footystats
2023,2023-07-01,ADT,Deportivo Binacional,1.13,9.17,8.04,1.23,1.66,1.62,footystats
2023,2023-06-30,UTC Cajamarca,Sport Huancayo,2.41,3.05,2.41,1.29,1.96,1.73,footystats
2023,2023-06-26,Real Garcilaso,UTC Cajamarca,1.45,4.4,6.3,1.28,1.85,1.96,footystats
2023,2023-06-25,Unión Comercio,Deportivo Municipal,1.83,3.35,3.95,1.28,1.84,1.7,footystats
2023,2023-06-25,Alianza Atlético,Sport Boys,1.63,3.7,4.9,1.22,1.67,1.72,footystats
2023,2023-06-24,Carlos Manucci,Deportivo Garcilaso,2.01,3.25,3.2,1.3,2,1.83,footystats
2023,2023-06-24,Sport Huancayo,César Vallejo,1.58,3.7,4.6,0,1.85,1.83,footystats
2023,2023-06-23,Alianza Lima,Atlético Grau,1.35,4.7,7.25,1.2,1.68,1.9,footystats
2023,2023-06-22,Cienciano,Universitario,1.78,2.59,6.14,1.3,1.9,1.7,footystats
2023,2023-06-22,Melgar,ADT,1.72,4.19,3.46,1.28,1.79,2.09,footystats
2023,2023-06-22,Academia Cantolao,Sporting Cristal,4.73,3.3,1.68,1.28,1.76,2.08,footystats
2023,2023-06-11,Sport Huancayo,Universitario,2.44,3.2,2.58,1.3,1.81,1.72,footystats
2023,2023-06-11,Real Garcilaso,César Vallejo,1.53,3.7,5.25,1.29,1.85,1.95,footystats
2023,2023-06-11,Alianza Atlético,Sporting Cristal,3.55,3.6,1.97,1.23,1.67,1.7,footystats
2023,2023-06-10,Alianza Lima,Deportivo Garcilaso,1.33,4.8,7,1.16,1.55,1.72,footystats
2023,2023-06-10,Carlos Manucci,ADT,1.83,3.5,3.7,1.26,1.92,1.71,footystats
2023,2023-06-10,Melgar,Deportivo Binacional,1.4,4.4,6.5,1.2,1.55,1.78,footystats
2023,2023-06-10,Academia Cantolao,Deportivo Municipal,3.2,3.5,2,1.28,1.74,1.72,footystats
2023,2023-06-10,Unión Comercio,Atlético Grau,2.25,3.3,2.8,1.3,1.61,1.78,footystats
2023,2023-06-09,Cienciano,Sport Boys,1.25,5.5,9,1.18,1.57,1.9,footystats
2023,2023-06-04,César Vallejo,UTC Cajamarca,1.43,4.28,7.4,1.33,1.97,2.25,footystats
2023,2023-06-04,Sport Boys,Sport Huancayo,2.8,3.52,2.34,1.22,1.74,1.6,footystats
2023,2023-06-04,Atlético Grau,Academia Cantolao,1.25,4.8,11,1.28,1.86,2.37,footystats
2023,2023-06-03,Deportivo Garcilaso,Unión Comercio,1.43,4.5,6.85,1.22,1.74,1.95,footystats
2023,2023-06-03,Deportivo Binacional,Carlos Manucci,1.28,4.8,8.5,1.16,1.52,1.8,footystats
2023,2023-06-03,Deportivo Municipal,Alianza Atlético,1.75,3.4,4,1.22,1.73,1.69,footystats
2023,2023-06-02,Universitario,Real Garcilaso,1.29,4.34,7.43,1.24,1.74,2.1,footystats
2023,2023-06-02,ADT,Alianza Lima,2.38,3.35,2.66,1.24,1.8,1.66,footystats
2023,2023-06-01,Sporting Cristal,Cienciano,1.33,4.6,8,1.25,1.8,2.1,footystats
2023,2023-05-31,Melgar,César Vallejo,1.39,4.8,8,1.33,1.85,1.87,footystats
2023,2023-05-28,Alianza Lima,Deportivo Binacional,1.3,5.05,9.3,1.2,1.74,2.05,footystats
2023,2023-05-28,Carlos Manucci,Melgar,2.78,3.09,2.59,1.38,2.16,1.95,footystats
2023,2023-05-28,Sport Huancayo,Sporting Cristal,2.39,3.5,2.73,1.18,1.53,1.52,footystats
2023,2023-05-28,UTC Cajamarca,Universitario,3.04,3.24,2.31,1.3,1.97,1.78,footystats
2023,2023-05-28,Unión Comercio,ADT,2.36,3.28,2.93,1.23,1.78,1.62,footystats
2023,2023-05-27,Real Garcilaso,Sport Boys,1.31,4.23,7.25,1.23,1.74,2.13,footystats
2023,2023-05-27,Alianza Atlético,Atlético Grau,1.95,3.3,3.25,1.3,1.8,1.75,footystats
2023,2023-05-26,Cienciano,Deportivo Municipal,1.45,4.15,5.5,1.2,1.74,1.83,footystats
2023,2023-05-26,Academia Cantolao,Deportivo Garcilaso,3.3,3.4,1.94,1.22,1.85,1.6,footystats
2023,2023-05-22,Deportivo Binacional,Unión Comercio,1.4,4.25,6.25,1.17,1.65,1.68,footystats
2023,2023-05-22,Sport Boys,UTC Cajamarca,2.24,3.15,2.87,1.25,1.72,1.66,footystats
2023,2023-05-21,Deportivo Municipal,Sport Huancayo,2.2,3.4,3.1,1.3,1.88,1.75,footystats
2023,2023-05-21,Atlético Grau,Cienciano,1.87,3.6,3.9,1.3,1.93,1.75,footystats
2023,2023-05-20,Sporting Cristal,Real Garcilaso,1.37,4.01,6.12,1.22,1.7,1.9,footystats
2023,2023-05-20,Deportivo Garcilaso,Alianza Atlético,1.4,4.25,7,1.22,1.57,1.8,footystats
2023,2023-05-20,ADT,Academia Cantolao,1.3,4.6,7.5,1.2,1.57,1.95,footystats
2023,2023-05-19,Universitario,César Vallejo,1.5,4.1,6,1.22,1.79,1.83,footystats
2023,2023-05-19,Melgar,Alianza Lima,2,3.3,3.55,1.29,1.85,1.67,footystats
2023,2023-05-17,Deportivo Binacional,Sporting Cristal,2.6,3.4,2.6,1.22,1.8,1.65,footystats
2023,2023-05-17,Carlos Manucci,UTC Cajamarca,1.9,3.5,4,1.33,2.05,1.85,footystats
2023,2023-05-16,Academia Cantolao,Sport Boys,2.5,3.2,2.6,1.25,1.95,1.6,footystats
2023,2023-05-15,Alianza Lima,Deportivo Municipal,1.38,4.45,6.6,1.22,1.75,2.33,footystats
2023,2023-05-15,Melgar,Deportivo Garcilaso,1.48,4.1,5.5,1.17,1.9,2.75,footystats
2023,2023-05-14,Cienciano,César Vallejo,1.88,3.5,3.9,1.27,1.93,1.83,footystats
2023,2023-05-14,Alianza Atlético,Universitario,2.9,3.2,2.2,1.22,1.98,1.58,footystats
2023,2023-05-13,Carlos Manucci,Atlético Grau,2.15,3.25,2.57,1.22,1.91,1.58,footystats
2023,2023-05-13,Unión Comercio,Sporting Cristal,3.4,3.55,1.9,1.19,1.81,1.58,footystats
2023,2023-05-12,Deportivo Binacional,ADT,1.71,3.8,4.19,1.22,1.66,1.75,footystats
2023,2023-05-12,Melgar,Sport Boys,1.16,6.9,16.5,1.22,1.55,2.15,footystats
2023,2023-05-12,Sport Huancayo,UTC Cajamarca,1.62,3.6,4.45,1.19,1.8,1.64,footystats
2023,2023-05-11,Alianza Lima,César Vallejo,1.33,4.3,5.8,1.38,1.79,2.15,footystats
2023,2023-05-10,Cienciano,Alianza Atlético,1.57,3.85,5.25,1.2,1.72,1.82,footystats
2023,2023-05-08,Unión Comercio,Melgar,2.7,3.2,2.3,1.3,1.96,1.77,footystats
2023,2023-05-07,Alianza Lima,Carlos Manucci,1.28,4.6,9,1.22,1.67,2.1,footystats
2023,2023-05-07,César Vallejo,Sport Boys,1.4,4.2,6.5,1.22,1.67,1.9,footystats
2023,2023-05-07,UTC Cajamarca,Sporting Cristal,3.3,3.2,2,1.28,1.91,1.75,footystats
2023,2023-05-06,Cienciano,Deportivo Garcilaso,1.73,3.55,4.3,1.22,1.77,1.7,footystats
2023,2023-05-06,Sport Huancayo,Atlético Grau,1.6,3.8,5,1.28,1.9,1.9,footystats
2023,2023-05-06,Alianza Atlético,ADT,1.8,3.45,3.65,1.2,1.87,1.7,footystats
2023,2023-05-05,Real Garcilaso,Deportivo Municipal,1.62,3.62,4.62,1.25,1.74,1.8,footystats
2023,2023-05-05,Academia Cantolao,Deportivo Binacional,3.13,3.4,2.1,1.25,1.75,1.68,footystats
2023,2023-04-30,Carlos Manucci,Unión Comercio,1.76,3.45,4,1.31,1.8,1.83,footystats
2023,2023-04-30,ADT,Cienciano,1.99,3.3,3.3,1.35,1.89,1.87,footystats
2023,2023-04-30,Deportivo Municipal,UTC Cajamarca,1.68,3.45,4.45,1.31,1.85,1.85,footystats
2023,2023-04-30,Deportivo Binacional,Alianza Atlético,1.53,3.6,5.5,1.25,1.95,1.85,footystats
2023,2023-04-29,Melgar,Academia Cantolao,1.2,5.75,13,1.24,1.67,2.4,footystats
2023,2023-04-29,Deportivo Garcilaso,Sport Huancayo,1.9,3.5,3.6,1.2,1.7,1.57,footystats
2023,2023-04-29,Sport Boys,Universitario,5.5,3.6,1.53,1.3,1.87,1.95,footystats
2023,2023-04-29,Atlético Grau,Real Garcilaso,1.82,3.26,3.53,1.25,1.83,1.65,footystats
2023,2023-04-28,Sporting Cristal,César Vallejo,1.36,3.94,6.7,1.25,1.8,2,footystats
2023,2023-04-24,Universitario,Sporting Cristal,2.15,3.25,3,1.25,1.73,1.68,footystats
2023,2023-04-24,César Vallejo,Deportivo Municipal,1.6,3.4,5.75,1.36,2.25,2.1,footystats
2023,2023-04-24,Alianza Atlético,Melgar,2.2,3,3.25,1.44,2.25,1.98,footystats
2023,2023-04-23,Real Garcilaso,Deportivo Garcilaso,1.69,3.38,3.94,1.22,1.75,1.75,footystats
2023,2023-04-23,Unión Comercio,Alianza Lima,3.92,3.3,1.66,1.3,1.78,1.8,footystats
2023,2023-04-22,Cienciano,Deportivo Binacional,1.57,3.7,5.5,1.28,1.83,1.9,footystats
2023,2023-04-22,Sport Huancayo,ADT,1.53,3.5,6,1.28,2.1,1.88,footystats
2023,2023-04-22,Academia Cantolao,Carlos Manucci,2.7,3.1,2.4,1.3,1.83,1.7,footystats
2023,2023-04-21,UTC Cajamarca,Atlético Grau,1.85,3.5,3.9,1.27,1.85,1.75,footystats
2023,2023-04-16,Carlos Manucci,Alianza Atlético,2.33,3.3,2.59,1.33,2.01,1.8,footystats
2023,2023-04-16,Deportivo Binacional,Sport Huancayo,2.24,3.35,2.67,1.25,1.95,1.75,footystats
2023,2023-04-16,Deportivo Municipal,Universitario,3.05,3.1,2.13,1.33,1.91,1.8,footystats
2023,2023-04-16,ADT,Real Garcilaso,2.09,3.15,3.17,1.35,2.07,1.89,footystats
2023,2023-04-16,Deportivo Garcilaso,UTC Cajamarca,1.75,3.4,3.95,1.31,1.87,1.85,footystats
2023,2023-04-15,Alianza Lima,Academia Cantolao,1.25,5,12,1.25,1.81,2.5,footystats
2023,2023-04-15,Atlético Grau,César Vallejo,2.13,3.46,3.22,1.26,1.87,1.7,footystats
2023,2023-04-14,Melgar,Cienciano,1.78,3.25,3.95,1.29,1.96,1.85,footystats
2023,2023-04-14,Sporting Cristal,Sport Boys,1.25,5.2,7.8,1.23,1.74,2.3,footystats
2023,2023-04-10,César Vallejo,Deportivo Garcilaso,1.67,3.6,4.5,1.22,1.8,1.75,footystats
2023,2023-04-10,Academia Cantolao,Unión Comercio,2.5,3.1,2.63,1.28,1.93,1.7,footystats
2023,2023-04-09,Universitario,Atlético Grau,1.48,4.2,6.35,1.26,1.83,1.95,footystats
2023,2023-04-09,Sport Huancayo,Melgar,2.24,3.22,3,1.28,1.96,1.72,footystats
2023,2023-04-09,Alianza Atlético,Alianza Lima,3.15,3.13,2.16,1.27,1.93,1.7,footystats
2023,2023-04-08,Cienciano,Carlos Manucci,1.25,5,11,1.29,1.7,1.95,footystats
2023,2023-04-08,UTC Cajamarca,ADT,2.2,3.13,3.2,1.38,2.25,1.9,footystats
2023,2023-04-08,Sport Boys,Deportivo Municipal,2.18,3.4,3.14,1.3,1.92,1.82,footystats
2023,2023-04-07,Real Garcilaso,Deportivo Binacional,1.58,3.48,4.56,1.25,1.78,1.82,footystats
2023,2023-04-02,Deportivo Binacional,UTC Cajamarca,1.8,3.8,4.3,1.35,1.92,2,footystats
2023,2023-04-02,Atlético Grau,Sport Boys,1.55,4.3,5.8,1.26,1.86,1.9,footystats
2023,2023-04-02,Carlos Manucci,Sport Huancayo,2.23,3.45,3.2,1.23,1.81,1.62,footystats
2023,2023-04-02,Unión Comercio,Alianza Atlético,2.05,3.3,3.45,1.4,2.28,2,footystats
2023,2023-04-01,Alianza Lima,Cienciano,1.37,5,8.4,1.37,2.1,2.7,footystats
2023,2023-04-01,Melgar,Real Garcilaso,1.57,3.75,4.75,1.46,2.37,2.35,footystats
2023,2023-03-31,Deportivo Garcilaso,Universitario,2.59,3.34,2.6,1.3,1.97,1.73,footystats
2023,2023-03-31,ADT,César Vallejo,1.91,3.3,3.5,1.3,2.1,1.85,footystats
2023,2023-03-31,Deportivo Municipal,Sporting Cristal,4.5,3.75,1.62,1.34,1.85,2.05,footystats
2023,2023-03-27,UTC Cajamarca,Real Garcilaso,1.7,3.5,4.33,1.4,1.7,1.67,footystats
2023,2023-03-26,Deportivo Garcilaso,Carlos Manucci,1.5,3.9,5.25,1.24,1.44,1.73,footystats
2023,2023-03-26,Sport Boys,Alianza Atlético,2.35,3.05,2.85,1.28,2,1.7,footystats
2023,2023-03-26,ADT,Melgar,2.95,3.05,2.35,1.38,2.15,1.87,footystats
2023,2023-03-26,Atlético Grau,Alianza Lima,3.2,3.2,2.02,1.24,2.1,1.7,footystats
2023,2023-03-26,Deportivo Municipal,Unión Comercio,2.2,3.1,3.1,1.24,2,1.66,footystats
2023,2023-03-25,César Vallejo,Sport Huancayo,1.7,3.5,4.4,1.25,1.53,1.7,footystats
2023,2023-03-25,Sporting Cristal,Academia Cantolao,1.14,6,17,1.19,1.51,2.6,footystats
2023,2023-03-24,Universitario,Cienciano,1.4,4.2,7,1.25,1.87,1.85,footystats
2023,2023-03-20,Real Garcilaso,Carlos Manucci,1.49,3.83,5.65,1.25,1.76,1.89,footystats
2023,2023-03-19,Sport Huancayo,Alianza Lima,2.55,3.2,2.37,1.22,1.85,1.57,footystats
2023,2023-03-19,Sporting Cristal,Atlético Grau,1.42,3.9,6.25,1.28,1.93,2.1,footystats
2023,2023-03-19,César Vallejo,Deportivo Binacional,1.6,3.45,5,1.16,1.65,1.6,footystats
2023,2023-03-18,Universitario,ADT,1.33,4.5,8.5,1.29,1.85,2.14,footystats
2023,2023-03-18,Cienciano,Unión Comercio,1.4,4.33,7,1.22,1.7,1.95,footystats
2023,2023-03-18,UTC Cajamarca,Melgar,2.75,3.13,2.45,1.25,2.1,1.65,footystats
2023,2023-03-18,Alianza Atlético,Academia Cantolao,1.4,4.2,7.5,1.25,1.73,1.95,footystats
2023,2023-03-17,Sport Boys,Deportivo Garcilaso,2.31,3.2,2.8,1.21,1.82,1.61,footystats
2023,2023-03-13,Deportivo Binacional,Universitario,2.55,3.25,2.75,1.29,2,1.76,footystats
2023,2023-03-12,Deportivo Garcilaso,Sporting Cristal,2.7,3.5,2.35,1.3,1.86,1.71,footystats
2023,2023-03-12,Academia Cantolao,Cienciano,2.9,3.4,2.3,1.29,1.87,1.73,footystats
2023,2023-03-12,Atlético Grau,Deportivo Municipal,1.74,3.35,4.2,1.33,1.8,1.85,footystats
2023,2023-03-12,Unión Comercio,Sport Huancayo,1.95,3.2,3.5,1.25,1.8,1.68,footystats
2023,2023-03-11,Alianza Lima,Real Garcilaso,1.3,5,9,1.22,1.74,2.1,footystats
2023,2023-03-10,ADT,Sport Boys,1.53,4.06,5.19,1.2,1.91,1.87,footystats
2023,2023-03-06,Real Garcilaso,Unión Comercio,1.43,4.13,5.95,1.22,1.73,1.91,footystats
2023,2023-03-06,Deportivo Municipal,Deportivo Garcilaso,2.21,2.97,3.07,1.3,1.86,1.73,footystats
2023,2023-03-05,UTC Cajamarca,Alianza Lima,3,3.45,2.34,1.25,1.9,1.67,footystats
2023,2023-03-05,Universitario,Melgar,2.36,3.35,3.05,1.25,1.91,1.65,footystats
2023,2023-03-04,César Vallejo,Carlos Manucci,1.8,3.5,3.6,1.25,1.85,1.7,footystats
2023,2023-03-04,Sporting Cristal,ADT,1.4,4.1,6.5,1.21,1.6,2,footystats
2023,2023-03-04,Sport Huancayo,Academia Cantolao,1.36,4.33,7,1.24,1.73,2.1,footystats
2023,2023-03-03,Sport Boys,Deportivo Binacional,2.05,3.25,3.3,1.24,1.83,1.63,footystats
2023,2023-02-27,Academia Cantolao,Real Garcilaso,2.46,3.27,2.68,1.29,1.85,1.97,footystats
2023,2023-02-26,Carlos Manucci,Universitario,3.05,3.15,2.01,1.4,2.2,1.98,footystats
2023,2023-02-26,ADT,Deportivo Municipal,1.87,3.4,3.45,1.22,1.78,1.82,footystats
2023,2023-02-26,Unión Comercio,UTC Cajamarca,2.38,3.3,2.63,1.3,1.93,1.75,footystats
2023,2023-02-25,Deportivo Garcilaso,Atlético Grau,1.81,3.54,4.24,1.34,1.99,1.85,footystats
2023,2023-02-25,Alianza Atlético,Sport Huancayo,2.2,3.1,3.15,1.33,1.91,1.78,footystats
2023,2023-02-22,UTC Cajamarca,Academia Cantolao,1.56,3.62,5.25,1.28,1.85,2,footystats
2023,2023-02-20,Deportivo Municipal,Deportivo Binacional,1.86,3.32,3.68,1.25,1.77,1.65,footystats
2023,2023-02-19,Real Garcilaso,Alianza Atlético,1.62,3.75,4.5,0,1.8,1.73,footystats
2023,2023-02-19,Universitario,Alianza Lima,2.45,3.2,2.6,1.25,1.96,1.62,footystats
2023,2023-02-19,Atlético Grau,ADT,1.67,3.7,4.24,1.2,1.63,1.86,footystats
2023,2023-02-18,Sport Boys,Carlos Manucci,2.3,3.3,2.75,1.25,1.8,1.67,footystats
2023,2023-02-18,Sport Huancayo,Cienciano,2.31,3.2,3.06,1.25,1.87,1.66,footystats
2023,2023-02-17,César Vallejo,Unión Comercio,1.59,4.04,5.1,1.22,1.82,1.78,footystats
2023,2023-02-17,Sporting Cristal,Melgar,2.16,3.34,3.26,1.25,1.87,1.63,footystats
2023,2023-02-13,Melgar,Deportivo Municipal,1.21,5.5,8.8,1.16,1.54,2.3,footystats
2023,2023-02-12,Alianza Lima,Sport Boys,1.2,5.85,9.93,1.19,1.67,2.25,footystats
2023,2023-02-12,Carlos Manucci,Sporting Cristal,4.18,3.85,1.65,1.19,1.75,1.68,footystats
2023,2023-02-12,Unión Comercio,Universitario,3.26,3.35,2,1.26,1.9,1.71,footystats
2023,2023-02-12,Alianza Atlético,UTC Cajamarca,1.97,3.56,3.56,1.26,1.87,1.77,footystats
2023,2023-02-11,ADT,Deportivo Garcilaso,1.43,3.98,4.83,1.25,1.77,1.69,footystats
2023,2023-02-11,Deportivo Binacional,Atlético Grau,1.79,3.6,3.75,1.17,1.5,1.8,footystats
2023,2023-02-11,Academia Cantolao,César Vallejo,3.38,3.4,2.09,1.36,1.97,1.8,footystats
2023,2023-02-10,Cienciano,Real Garcilaso,1.74,3.39,4.07,0,1.6,1.73,footystats
2023,2023-02-07,Deportivo Municipal,Carlos Manucci,2.3,3.2,2.9,1.36,2.05,1.87,footystats
2023,2023-02-06,César Vallejo,Alianza Atlético,1.69,3.54,4.13,1.22,1.7,1.68,footystats
2023,2023-02-06,Sport Boys,Unión Comercio,1.94,3.2,3.49,1.3,1.86,1.75,footystats
2023,2023-02-05,Sporting Cristal,Alianza Lima,2.37,3.1,2.65,1.33,1.91,1.78,footystats
2023,2023-02-04,Deportivo Garcilaso,Deportivo Binacional,2.06,3.25,3.2,1.3,1.91,1.75,footystats
2023,2023-02-04,UTC Cajamarca,Cienciano,2.36,3.14,2.87,1.22,1.85,1.6,footystats
2023,2023-02-04,Universitario,Academia Cantolao,1.43,4.47,7.11,1.25,1.77,1.93,footystats
2023,2023-02-04,Atlético Grau,Melgar,3.6,3.1,2,1.28,1.81,1.7,footystats
2023,2023-02-03,Real Garcilaso,Sport Huancayo,2.12,3.04,3.14,0,1.86,1.73,footystats
2024,2024-11-03,Melgar,Deportivo Garcilaso,1.22,6.25,10,1.2,1.57,2.2,footystats
2024,2024-11-03,Alianza Lima,Real Garcilaso,1.09,9.5,23,1.11,1.4,2.45,footystats
2024,2024-11-03,Los Chankas,Universitario,7.2,4.85,1.39,1.2,1.73,1.94,footystats
2024,2024-11-03,Sporting Cristal,Comerciantes Unidos,1.11,7.1,15,1.12,1.4,2.15,footystats
2024,2024-11-02,UTC Cajamarca,Sport Huancayo,1.38,4.25,8.05,1.3,1.92,2.1,footystats
2024,2024-11-02,Atlético Grau,César Vallejo,1.9,3.5,3.7,1.33,2.1,1.91,footystats
2024,2024-11-02,Carlos Manucci,Alianza Atlético,1.44,4.32,6.34,1.29,1.74,2.06,footystats
2024,2024-11-01,ADT,Sport Boys,1.44,4.08,5.9,1.24,1.73,1.95,footystats
2024,2024-10-31,Cienciano,Unión Comercio,1.01,10.75,30.81,1.01,1.07,2.55,footystats
2024,2024-10-28,Real Garcilaso,Atlético Grau,1.63,3.82,5.15,1.26,1.94,1.92,footystats
2024,2024-10-28,Comerciantes Unidos,ADT,3.2,3.6,2.1,1.24,1.9,1.73,footystats
2024,2024-10-28,Alianza Atlético,Los Chankas,1.64,3.76,5.15,1.18,1.73,1.72,footystats
2024,2024-10-27,Universitario,Cienciano,1.22,5,10.06,0,1.75,2.38,footystats
2024,2024-10-27,Sport Huancayo,Melgar,3.43,3.43,1.93,1.36,2.05,2,footystats
2024,2024-10-27,Unión Comercio,Sporting Cristal,7.21,4.46,1.32,1.16,1.65,1.91,footystats
2024,2024-10-27,Sport Boys,UTC Cajamarca,1.73,3.28,4.42,1.36,2.03,1.91,footystats
2024,2024-10-26,César Vallejo,Carlos Manucci,1.47,3.63,5.45,1.36,1.74,1.83,footystats
2024,2024-10-26,Deportivo Garcilaso,Alianza Lima,3.75,3.14,2.03,1.84,2.24,2,footystats
2024,2024-10-24,Comerciantes Unidos,Sport Boys,2.05,3.3,3.65,1.38,2.15,1.88,footystats
2024,2024-10-23,Sporting Cristal,Universitario,2.68,2.58,3.16,1.3,2.07,1.73,footystats
2024,2024-10-23,Carlos Manucci,Real Garcilaso,2.56,3.64,2.42,1.3,1.86,1.72,footystats
2024,2024-10-23,Cienciano,Alianza Atlético,1.55,3.51,5.95,1.35,2.17,2.2,footystats
2024,2024-10-23,ADT,Unión Comercio,1.34,4.96,7.83,1.18,1.57,2,footystats
2024,2024-10-22,Alianza Lima,Sport Huancayo,1.19,6.13,12.96,1.2,1.61,2.5,footystats
2024,2024-10-22,Melgar,UTC Cajamarca,1.2,5.97,13.36,1.2,1.64,2.3,footystats
2024,2024-10-22,Los Chankas,César Vallejo,1.8,3.49,4.23,1.32,1.95,1.85,footystats
2024,2024-10-22,Atlético Grau,Deportivo Garcilaso,1.67,3.67,4.87,0,1.94,2,footystats
2024,2024-10-19,Universitario,ADT,1.28,5,8.5,1.25,1.75,2.2,footystats
2024,2024-10-19,Alianza Atlético,Sporting Cristal,3.5,3.58,1.98,2.95,1.81,1.67,footystats
2024,2024-10-18,Deportivo Garcilaso,Carlos Manucci,1.5,3.95,6.08,4.06,1.85,1.83,footystats
2024,2024-10-18,César Vallejo,Cienciano,1.72,3.6,4.75,0,2.08,1.91,footystats
2024,2024-10-18,UTC Cajamarca,Alianza Lima,3.88,3.19,1.8,1.5,2.15,1.91,footystats
2024,2024-10-18,Sport Boys,Melgar,3.6,2.95,2.2,0,2.1,1.83,footystats
2024,2024-10-17,Sport Huancayo,Atlético Grau,1.9,3.25,4.15,0,2.15,2,footystats
2024,2024-10-17,Real Garcilaso,Los Chankas,1.4,4.5,7.25,0,1.67,1.83,footystats
2024,2024-10-17,Unión Comercio,Comerciantes Unidos,2.12,3.3,3.08,0,1.7,1.57,footystats
2024,2024-09-30,Atlético Grau,UTC Cajamarca,1.62,3.55,5.01,1.29,2.1,2.1,footystats
2024,2024-09-29,Comerciantes Unidos,Universitario,7.5,4.5,1.42,1.29,2,2.25,footystats
2024,2024-09-29,Carlos Manucci,Sport Huancayo,2.1,3.5,3.3,1.25,1.85,1.73,footystats
2024,2024-09-29,Los Chankas,Deportivo Garcilaso,1.9,3.3,4.2,1.3,1.85,1.73,footystats
2024,2024-09-29,Sporting Cristal,César Vallejo,1.39,4.33,6.3,1.14,1.57,1.73,footystats
2024,2024-09-28,Alianza Lima,Melgar,1.67,3.5,5.75,1.33,2.15,2.1,footystats
2024,2024-09-28,Cienciano,Real Garcilaso,2.6,2.9,2.5,1.33,2.2,1.83,footystats
2024,2024-09-28,ADT,Alianza Atlético,1.55,3.9,6,1.29,1.95,2,footystats
2024,2024-09-27,Unión Comercio,Sport Boys,2.8,3,2.4,1.33,2.2,1.83,footystats
2024,2024-09-24,UTC Cajamarca,Carlos Manucci,1.55,3.79,5.25,1.25,1.83,2,footystats
2024,2024-09-23,Melgar,Atlético Grau,1.38,4.47,7.91,1.25,1.74,2,footystats
2024,2024-09-23,Sport Huancayo,Los Chankas,1.78,3.43,4.06,1.22,1.8,1.67,footystats
2024,2024-09-23,Alianza Atlético,Comerciantes Unidos,1.49,4.05,6.29,1.29,1.88,1.95,footystats
2024,2024-09-22,César Vallejo,ADT,2.16,3.23,3.29,1.29,1.95,1.73,footystats
2024,2024-09-22,Universitario,Unión Comercio,1.09,9.41,22.1,1.1,1.4,2.63,footystats
2024,2024-09-22,Real Garcilaso,Sporting Cristal,2.04,3.33,3.22,1.22,1.82,1.69,footystats
2024,2024-09-21,Sport Boys,Alianza Lima,4.44,3.34,1.73,1.36,2.25,2.1,footystats
2024,2024-09-21,Deportivo Garcilaso,Cienciano,2.06,3.23,3.54,1.29,1.95,1.76,footystats
2024,2024-09-19,Carlos Manucci,Melgar,5.37,3.62,1.57,1.32,2.06,2.04,footystats
2024,2024-09-19,Los Chankas,UTC Cajamarca,1.59,3.88,4.69,1.17,1.63,1.67,footystats
2024,2024-09-19,Unión Comercio,Alianza Atlético,2.46,3.13,2.84,1.33,2.15,1.83,footystats
2024,2024-09-18,Universitario,Sport Boys,1.27,5.21,10.25,1.21,1.81,2.34,footystats
2024,2024-09-18,Cienciano,Sport Huancayo,2.01,3.23,3.7,1.29,2.01,1.8,footystats
2024,2024-09-18,Comerciantes Unidos,César Vallejo,2.36,3.08,2.79,1.3,2.05,1.73,footystats
2024,2024-09-18,Atlético Grau,Alianza Lima,3.39,2.89,2.17,1.5,2.5,2.05,footystats
2024,2024-09-17,ADT,Real Garcilaso,1.78,3.6,3.8,1.22,1.73,1.69,footystats
2024,2024-09-17,Sporting Cristal,Deportivo Garcilaso,1.28,5.25,7,1.1,1.44,1.83,footystats
2024,2024-09-15,Melgar,Los Chankas,1.22,5.13,8.38,1.1,1.44,1.73,footystats
2024,2024-09-15,Alianza Atlético,Universitario,3.7,3.1,2.1,1.38,2.08,1.83,footystats
2024,2024-09-14,Alianza Lima,Carlos Manucci,1.17,7,13,1.15,1.5,2.25,footystats
2024,2024-09-14,Sport Huancayo,Sporting Cristal,2.6,3.3,2.5,1.3,1.85,1.67,footystats
2024,2024-09-14,Sport Boys,Atlético Grau,2.5,3.1,2.63,1.4,2.15,1.83,footystats
2024,2024-09-14,Real Garcilaso,Comerciantes Unidos,1.29,4.75,10,1.24,1.73,2.2,footystats
2024,2024-09-13,César Vallejo,Unión Comercio,1.4,4.33,7,1.22,1.85,2,footystats
2024,2024-09-13,Deportivo Garcilaso,ADT,2.4,3.2,2.8,1.32,1.95,1.73,footystats
2024,2024-09-13,UTC Cajamarca,Cienciano,2.2,3.2,3.1,1.38,2.1,1.83,footystats
2024,2024-09-07,Melgar,Comerciantes Unidos,1.15,6.5,12,1.13,1.48,2.27,footystats
2024,2024-09-01,Unión Comercio,Atlético Grau,2.62,3.1,2.5,1.36,2.1,1.83,footystats
2024,2024-08-26,Carlos Manucci,Atlético Grau,2.7,3.1,2.4,1.33,2.05,1.84,footystats
2024,2024-08-26,Unión Comercio,Real Garcilaso,2.6,2.95,2.6,1.33,2.05,1.9,footystats
2024,2024-08-25,Cienciano,Melgar,3.23,3.12,2.09,1.32,2.05,1.9,footystats
2024,2024-08-25,Comerciantes Unidos,Deportivo Garcilaso,3,3.17,2.17,1.32,1.89,1.73,footystats
2024,2024-08-25,ADT,Sport Huancayo,1.59,3.65,4.85,1.2,1.72,1.84,footystats
2024,2024-08-25,Sporting Cristal,UTC Cajamarca,1.24,5.25,8.85,1.1,1.4,1.82,footystats
2024,2024-08-24,Universitario,César Vallejo,1.31,4.37,8.45,1.22,1.76,2.07,footystats
2024,2024-08-24,Los Chankas,Alianza Lima,2.97,3.23,2.16,1.25,1.9,1.74,footystats
2024,2024-08-24,Alianza Atlético,Sport Boys,1.94,3.32,4.46,1.37,2.15,2.04,footystats
2024,2024-08-21,Melgar,Sporting Cristal,1.6,3.95,5.02,1.22,1.6,1.63,footystats
2024,2024-08-21,Deportivo Garcilaso,Unión Comercio,1.4,4.42,6.21,1.14,1.57,1.8,footystats
2024,2024-08-21,Atlético Grau,Los Chankas,1.53,3.86,5.33,1.23,1.78,1.83,footystats
2024,2024-08-21,Sport Boys,Carlos Manucci,1.66,3.54,4.65,1.28,1.96,1.91,footystats
2024,2024-08-20,Alianza Lima,Cienciano,1.27,5.32,10.26,1.24,1.68,2.25,footystats
2024,2024-08-20,Real Garcilaso,Universitario,2.88,3,2.51,1.41,2.34,1.91,footystats
2024,2024-08-20,Sport Huancayo,Comerciantes Unidos,1.44,4.12,6.03,1.22,1.74,1.83,footystats
2024,2024-08-20,UTC Cajamarca,ADT,2.94,3.22,2.34,1.36,1.98,1.83,footystats
2024,2024-08-19,César Vallejo,Alianza Atlético,1.88,3.32,4.06,1.33,2.07,1.91,footystats
2024,2024-08-18,Los Chankas,Carlos Manucci,1.48,4,5.75,1.22,1.67,1.82,footystats
2024,2024-08-17,Sporting Cristal,Alianza Lima,2.2,3.1,3,1.33,2,1.81,footystats
2024,2024-08-17,Cienciano,Atlético Grau,1.78,3.3,4.2,1.3,2,1.91,footystats
2024,2024-08-17,Unión Comercio,Sport Huancayo,2,3.1,3.5,1.27,1.91,1.75,footystats
2024,2024-08-16,Universitario,Deportivo Garcilaso,1.13,6.7,14,1.13,1.45,2.07,footystats
2024,2024-08-16,César Vallejo,Sport Boys,2,3.2,3.4,1.33,2.1,1.86,footystats
2024,2024-08-16,ADT,Melgar,2.4,3,2.7,0,2.1,1.83,footystats
2024,2024-08-15,Comerciantes Unidos,UTC Cajamarca,2.25,3.19,3.12,1.33,2,1.8,footystats
2024,2024-08-15,Alianza Atlético,Real Garcilaso,2.14,2.98,3.37,1.38,2.23,1.94,footystats
2024,2024-08-11,Real Garcilaso,César Vallejo,1.5,3.78,5.72,1.3,1.83,2,footystats
2024,2024-08-11,Sport Huancayo,Universitario,3.06,3.07,2.23,1.4,2.15,1.91,footystats
2024,2024-08-11,Carlos Manucci,Cienciano,2.1,3,3.3,1.33,2,1.82,footystats
2024,2024-08-11,Atlético Grau,Sporting Cristal,2.62,3.3,2.38,1.25,1.8,1.61,footystats
2024,2024-08-10,Alianza Lima,ADT,1.41,3.93,6.9,0,1.95,2.2,footystats
2024,2024-08-10,Deportivo Garcilaso,Alianza Atlético,1.47,3.86,5.97,1.3,1.95,2,footystats
2024,2024-08-10,Sport Boys,Los Chankas,1.67,3.6,4.5,1.3,1.95,1.83,footystats
2024,2024-08-09,UTC Cajamarca,Unión Comercio,1.57,3.6,5.25,1.29,1.85,1.93,footystats
2024,2024-08-05,Real Garcilaso,Sport Boys,1.34,4.23,7.85,1.25,1.75,2.06,footystats
2024,2024-08-05,Alianza Atlético,Sport Huancayo,1.77,3.33,4.24,1.35,2.05,1.83,footystats
2024,2024-08-04,Universitario,UTC Cajamarca,1.16,5.42,10.64,1.24,1.73,2.63,footystats
2024,2024-08-04,ADT,Atlético Grau,1.68,3.45,4.59,1.33,1.87,1.85,footystats
2024,2024-08-04,Unión Comercio,Melgar,4.44,3.4,1.66,1.3,2,2,footystats
2024,2024-08-04,Sporting Cristal,Carlos Manucci,1.18,6.26,10.65,1.14,1.51,2,footystats
2024,2024-08-03,César Vallejo,Deportivo Garcilaso,1.73,3.41,4.38,1.27,1.9,1.8,footystats
2024,2024-08-03,Cienciano,Los Chankas,1.84,3.53,3.65,1.25,1.79,1.67,footystats
2024,2024-08-03,Comerciantes Unidos,Alianza Lima,4.92,3.66,1.6,1.39,2.08,2.05,footystats
2024,2024-08-01,UTC Cajamarca,Alianza Atlético,1.56,3.65,6.16,1.33,2,2.06,footystats
2024,2024-07-31,Melgar,Universitario,1.91,2.99,4.09,1.36,2.1,1.98,footystats
2024,2024-07-31,Carlos Manucci,ADT,3.56,3.05,2.04,1.33,2.07,1.83,footystats
2024,2024-07-31,Los Chankas,Sporting Cristal,2.8,3.46,2.19,1.25,1.78,1.67,footystats
2024,2024-07-31,Atlético Grau,Comerciantes Unidos,1.37,4.42,6.9,1.22,1.74,1.95,footystats
2024,2024-07-30,Alianza Lima,Unión Comercio,1.15,6.43,12.49,1.14,1.52,2.19,footystats
2024,2024-07-30,Sport Huancayo,César Vallejo,1.74,3.43,4.27,1.29,1.91,1.83,footystats
2024,2024-07-30,Sport Boys,Cienciano,2.06,3.16,3.34,1.28,1.99,1.8,footystats
2024,2024-07-29,Deportivo Garcilaso,Real Garcilaso,1.68,3.08,4.01,1.3,2.12,1.76,footystats
2024,2024-07-27,ADT,Los Chankas,1.44,4.33,5.5,1.2,1.65,1.81,footystats
2024,2024-07-27,Sporting Cristal,Cienciano,1.33,5,6.5,1.15,1.55,1.83,footystats
2024,2024-07-26,Universitario,Alianza Lima,1.88,3.1,4,1.48,2.38,2.12,footystats
2024,2024-07-26,Deportivo Garcilaso,Sport Boys,1.53,3.8,5.25,1.29,1.8,1.91,footystats
2024,2024-07-26,Comerciantes Unidos,Carlos Manucci,1.73,3.5,4.2,1.29,1.91,1.82,footystats
2024,2024-07-25,César Vallejo,UTC Cajamarca,1.48,4.03,5.62,1.25,1.69,1.85,footystats
2024,2024-07-25,Real Garcilaso,Sport Huancayo,1.74,3.83,4.1,1.28,1.95,1.87,footystats
2024,2024-07-25,Alianza Atlético,Melgar,3.79,3.19,1.91,1.38,2.21,2,footystats
2024,2024-07-21,Cienciano,ADT,2.13,3.2,3.05,1.3,1.89,1.72,footystats
2024,2024-07-21,Sporting Cristal,Sport Boys,1.28,4.87,7.9,1.2,1.59,2.05,footystats
2024,2024-07-21,Carlos Manucci,Unión Comercio,1.78,3.43,3.9,1.3,1.82,1.78,footystats
2024,2024-07-21,Atlético Grau,Universitario,3.2,3.33,2.01,1.4,2.12,1.91,footystats
2024,2024-07-20,Alianza Lima,Alianza Atlético,1.18,5.78,12.3,1.2,1.69,2.4,footystats
2024,2024-07-20,Melgar,César Vallejo,1.29,4.78,7.85,1.22,1.68,2,footystats
2024,2024-07-20,Los Chankas,Comerciantes Unidos,1.55,4,5.7,1.24,1.72,1.78,footystats
2024,2024-07-19,Sport Huancayo,Deportivo Garcilaso,1.91,3.25,3.4,1.27,1.85,1.75,footystats
2024,2024-07-19,UTC Cajamarca,Real Garcilaso,2.25,3,2.9,1.4,2.1,1.88,footystats
2024,2024-07-14,Real Garcilaso,Melgar,3,3.2,2.2,1.3,2,1.8,footystats
2024,2024-07-14,Sport Boys,Sport Huancayo,1.83,3.1,4.2,1.36,2.1,1.94,footystats
2024,2024-07-14,Alianza Atlético,Atlético Grau,2.3,3.1,2.9,1.42,2.25,1.96,footystats
2024,2024-07-13,Universitario,Carlos Manucci,1.11,8,20,1.18,1.58,2.8,footystats
2024,2024-07-13,César Vallejo,Alianza Lima,3.6,3.15,2.08,1.45,2.35,2,footystats
2024,2024-07-13,Comerciantes Unidos,Cienciano,2.88,3.25,2.38,1.33,2,1.8,footystats
2024,2024-07-12,Deportivo Garcilaso,UTC Cajamarca,1.6,3.75,4.57,1.28,1.78,1.73,footystats
2024,2024-07-12,ADT,Sporting Cristal,2.44,3.12,2.44,1.25,1.75,1.62,footystats
2024,2024-07-12,Unión Comercio,Los Chankas,1.91,3.2,3.65,1.3,1.81,1.73,footystats
2024,2024-05-27,Unión Comercio,Cienciano,2.35,3.2,3.1,1.3,1.9,1.67,footystats
2024,2024-05-26,Sport Boys,ADT,2.45,3.2,2.8,1.33,2.15,1.85,footystats
2024,2024-05-26,Alianza Atlético,Carlos Manucci,1.62,3.7,5.5,1.28,1.95,1.9,footystats
2024,2024-05-25,Deportivo Garcilaso,Melgar,3.5,3.2,2.1,1.25,1.95,1.62,footystats
2024,2024-05-25,Comerciantes Unidos,Sporting Cristal,6.5,4.5,1.45,1.18,1.67,1.83,footystats
2024,2024-05-25,Universitario,Los Chankas,1.1,8,21,1.11,1.36,2.25,footystats
2024,2024-05-25,Sport Huancayo,UTC Cajamarca,1.62,4,5,1.27,1.9,1.87,footystats
2024,2024-05-24,César Vallejo,Atlético Grau,1.95,3.2,4,1.36,2.05,1.83,footystats
2024,2024-05-24,Real Garcilaso,Alianza Lima,2.6,3.1,2.6,1.4,2.13,1.9,footystats
2024,2024-05-20,Cienciano,Universitario,2.63,3.25,2.55,1.38,2.1,1.83,footystats
2024,2024-05-20,UTC Cajamarca,Sport Boys,1.59,3.66,5.73,1.34,2.01,2.09,footystats
2024,2024-05-19,Alianza Lima,Deportivo Garcilaso,1.28,4.8,8.5,1.22,1.73,2.2,footystats
2024,2024-05-19,Carlos Manucci,César Vallejo,2.69,3.28,2.55,1.32,2.08,1.81,footystats
2024,2024-05-19,Los Chankas,Alianza Atlético,1.64,3.4,4.82,1.29,1.88,1.8,footystats
2024,2024-05-19,ADT,Comerciantes Unidos,1.43,3.85,5.57,1.17,1.65,1.74,footystats
2024,2024-05-18,Melgar,Sport Huancayo,1.29,4.7,8.05,1.21,1.7,2.14,footystats
2024,2024-05-18,Sporting Cristal,Unión Comercio,1.17,6.5,11,1.09,1.33,1.91,footystats
2024,2024-05-17,Atlético Grau,Real Garcilaso,1.82,3.38,4.29,1.32,2.06,1.9,footystats
2024,2024-05-13,Alianza Atlético,Cienciano,2.1,3.2,3.6,1.33,2.05,1.8,footystats
2024,2024-05-12,Universitario,Sporting Cristal,1.95,3.25,3.5,1.3,2,1.67,footystats
2024,2024-05-12,Deportivo Garcilaso,Atlético Grau,1.65,3.25,4.5,1.29,1.85,1.83,footystats
2024,2024-05-12,UTC Cajamarca,Melgar,3.74,3.36,1.98,1.3,2,1.8,footystats
2024,2024-05-11,César Vallejo,Los Chankas,1.58,4,5.2,1.24,1.75,1.75,footystats
2024,2024-05-11,Sport Huancayo,Alianza Lima,2.4,3.16,2.97,1.33,2.11,1.83,footystats
2024,2024-05-11,Real Garcilaso,Carlos Manucci,1.41,4.17,6.3,1.22,1.72,1.94,footystats
2024,2024-05-11,Sport Boys,Comerciantes Unidos,1.7,3.75,4.65,1.27,1.91,1.84,footystats
2024,2024-05-10,Unión Comercio,ADT,2.71,3.32,2.51,1.26,1.89,1.68,footystats
2024,2024-05-06,Atlético Grau,Sport Huancayo,1.5,3.77,5.95,1.3,1.97,1.86,footystats
2024,2024-05-05,Melgar,Sport Boys,1.2,6,13,1.2,1.67,2.4,footystats
2024,2024-05-05,Sporting Cristal,Alianza Atlético,1.1,9,16,1.09,1.36,2.45,footystats
2024,2024-05-04,Comerciantes Unidos,Unión Comercio,1.7,3.8,4.5,1.26,1.73,1.77,footystats
2024,2024-05-04,Carlos Manucci,Deportivo Garcilaso,2.15,3.4,3.2,1.32,1.96,1.75,footystats
2024,2024-05-04,Los Chankas,Real Garcilaso,2.08,3.45,3.25,1.38,2.1,1.87,footystats
2024,2024-05-03,Alianza Lima,UTC Cajamarca,1.22,4.65,9.67,1.22,1.69,2.25,footystats
2024,2024-05-03,Cienciano,César Vallejo,1.57,3.46,4.68,1.29,1.85,1.9,footystats
2024,2024-05-03,ADT,Universitario,2.88,3.07,2.14,1.3,1.89,1.76,footystats
2024,2024-04-29,César Vallejo,Sporting Cristal,3.75,3.5,1.95,1.3,1.85,1.75,footystats
2024,2024-04-28,Universitario,Comerciantes Unidos,1.17,7,12,1.13,1.53,2.38,footystats
2024,2024-04-28,Deportivo Garcilaso,Los Chankas,1.57,4,5.25,1.29,1.9,1.87,footystats
2024,2024-04-28,Melgar,Alianza Lima,1.94,3.15,3.24,1.27,1.8,1.71,footystats
2024,2024-04-28,Alianza Atlético,ADT,2.3,2.99,2.7,1.3,1.85,1.72,footystats
2024,2024-04-27,Real Garcilaso,Cienciano,2.25,3.05,2.72,1.33,2.1,1.82,footystats
2024,2024-04-27,UTC Cajamarca,Atlético Grau,1.88,3.13,3.48,1.32,2.08,1.87,footystats
2024,2024-04-27,Sport Boys,Unión Comercio,1.62,3.6,6,1.26,1.9,1.85,footystats
2024,2024-04-26,Sport Huancayo,Carlos Manucci,1.4,4.5,7,1.18,1.67,1.89,footystats
2024,2024-04-23,Comerciantes Unidos,Alianza Atlético,1.98,3.15,3.15,1.4,2.1,1.85,footystats
2024,2024-04-21,Atlético Grau,Melgar,2.48,3,2.48,1.4,2.2,1.85,footystats
2024,2024-04-21,Sporting Cristal,Real Garcilaso,1.34,4.12,6.68,1.19,1.65,1.85,footystats
2024,2024-04-20,Carlos Manucci,UTC Cajamarca,2.1,3.3,3.2,1.32,2.05,1.81,footystats
2024,2024-04-20,ADT,César Vallejo,2,3.25,3.75,1.32,2.08,1.85,footystats
2024,2024-04-20,Los Chankas,Sport Huancayo,2.38,3.3,2.88,1.35,2.15,1.85,footystats
2024,2024-04-19,Cienciano,Deportivo Garcilaso,1.66,3.48,4.01,1.27,1.8,1.78,footystats
2024,2024-04-19,Unión Comercio,Universitario,5,4.33,1.53,1.16,1.65,1.6,footystats
2024,2024-04-18,Alianza Lima,Sport Boys,1.25,5.5,11,1.14,1.53,1.85,footystats
2024,2024-04-15,Deportivo Garcilaso,Sporting Cristal,3.75,3.6,1.91,1.15,1.85,1.5,footystats
2024,2024-04-15,UTC Cajamarca,Los Chankas,1.91,3.5,3.75,1.3,1.9,1.74,footystats
2024,2024-04-14,Alianza Lima,Atlético Grau,1.31,4.02,7.68,1.25,1.76,2.2,footystats
2024,2024-04-14,Real Garcilaso,ADT,1.91,3.6,3.6,1.25,1.85,1.65,footystats
2024,2024-04-14,César Vallejo,Comerciantes Unidos,1.67,3.6,5,1.25,1.85,1.75,footystats
2024,2024-04-13,Sport Boys,Universitario,6,3.75,1.57,1.3,2.08,2,footystats
2024,2024-04-13,Melgar,Carlos Manucci,1.21,4.77,9.41,1.16,1.57,2,footystats
2024,2024-04-13,Alianza Atlético,Unión Comercio,1.73,3.5,5,1.25,1.9,1.8,footystats
2024,2024-04-12,Sport Huancayo,Cienciano,2,3.4,3.6,1.29,2,1.75,footystats
2024,2024-04-08,Comerciantes Unidos,Real Garcilaso,2.09,3.07,2.97,1.3,1.85,1.75,footystats
2024,2024-04-07,Sporting Cristal,Sport Huancayo,1.33,4.5,9,1.18,1.57,1.9,footystats
2024,2024-04-07,ADT,Deportivo Garcilaso,1.65,3.43,4.15,1.33,1.86,1.87,footystats
2024,2024-04-06,Cienciano,UTC Cajamarca,1.35,4.02,6.6,1.28,1.76,2.1,footystats
2024,2024-04-06,Carlos Manucci,Alianza Lima,3.28,3.19,1.91,1.3,1.8,1.75,footystats
2024,2024-04-06,Unión Comercio,César Vallejo,2.18,3.11,2.78,1.38,2.15,1.9,footystats
2024,2024-04-06,Los Chankas,Melgar,3.12,3.02,2.05,1.3,1.8,1.72,footystats
2024,2024-04-05,Universitario,Alianza Atlético,1.17,5.27,10.39,1.18,1.62,2.25,footystats
2024,2024-04-05,Atlético Grau,Sport Boys,1.53,4,5.5,1.3,1.95,1.95,footystats
2024,2024-03-31,UTC Cajamarca,Sporting Cristal,4.33,3.6,1.8,1.25,1.85,1.73,footystats
2024,2024-03-31,Sport Boys,Alianza Atlético,1.75,4,4.2,1.3,1.9,1.85,footystats
2024,2024-03-31,Sport Huancayo,ADT,2.1,3.75,2.8,1.25,1.75,1.63,footystats
2024,2024-03-30,César Vallejo,Universitario,3.75,3.4,1.95,1.36,2.15,1.91,footystats
2024,2024-03-30,Melgar,Cienciano,1.67,4,4.75,1.28,1.85,1.75,footystats
2024,2024-03-30,Atlético Grau,Carlos Manucci,1.56,3.6,4.52,1.28,1.76,1.83,footystats
2024,2024-03-29,Real Garcilaso,Unión Comercio,1.5,4,7,1.26,1.8,1.95,footystats
2024,2024-03-28,Alianza Lima,Los Chankas,1.31,4.26,6.99,1.21,1.73,2.05,footystats
2024,2024-03-28,Deportivo Garcilaso,Comerciantes Unidos,1.62,3.75,5.5,1.28,1.85,1.8,footystats
2024,2024-03-16,ADT,UTC Cajamarca,1.72,3.25,3.99,1.31,2.05,1.93,footystats
2024,2024-03-15,Los Chankas,Atlético Grau,1.56,3.51,4.65,1.28,1.85,1.93,footystats
2024,2024-03-15,Unión Comercio,Deportivo Garcilaso,1.97,3.03,3.31,1.32,1.85,1.75,footystats
2024,2024-03-14,Carlos Manucci,Sport Boys,2.1,3.01,3.01,1.29,1.9,1.74,footystats
2024,2024-03-14,Comerciantes Unidos,Sport Huancayo,3.01,3.01,2.1,1.28,1.85,1.71,footystats
2024,2024-03-14,Alianza Atlético,César Vallejo,2.38,3.2,2.88,1.29,2,1.74,footystats
2024,2024-03-13,Sporting Cristal,Melgar,1.57,3.51,4.54,1.28,1.73,1.8,footystats
2024,2024-03-13,Cienciano,Alianza Lima,2.05,3.18,2.96,1.36,1.92,1.8,footystats
2024,2024-03-12,Universitario,Real Garcilaso,1.25,4.61,9.47,1.28,1.73,2.35,footystats
2024,2024-03-10,Sport Huancayo,Unión Comercio,1.24,5.45,12,1.2,1.68,2.17,footystats
2024,2024-03-10,Sport Boys,César Vallejo,2.22,3.35,3.05,1.33,2,1.8,footystats
2024,2024-03-09,Alianza Lima,Sporting Cristal,2.38,3.35,2.82,1.3,1.9,1.69,footystats
2024,2024-03-09,Carlos Manucci,Los Chankas,2.18,3.35,3.15,1.3,1.95,1.75,footystats
2024,2024-03-09,Melgar,ADT,1.55,4.1,5.35,1.22,1.7,1.77,footystats
2024,2024-03-09,Atlético Grau,Cienciano,1.98,3.45,3.55,1.3,1.95,1.78,footystats
2024,2024-03-08,Deportivo Garcilaso,Universitario,3.31,3.03,1.97,1.3,2.03,1.9,footystats
2024,2024-03-08,UTC Cajamarca,Comerciantes Unidos,2.02,3.3,3.55,1.29,1.9,1.73,footystats
2024,2024-03-07,Real Garcilaso,Alianza Atlético,1.39,4.2,8.4,1.25,1.82,2.25,footystats
2024,2024-03-04,Unión Comercio,UTC Cajamarca,2.1,3.3,3.25,1.3,1.95,1.74,footystats
2024,2024-03-03,Cienciano,Carlos Manucci,1.29,5.25,9.5,1.22,1.7,2.14,footystats
2024,2024-03-03,Los Chankas,Sport Boys,1.67,3.5,5,1.28,1.95,1.85,footystats
2024,2024-03-02,César Vallejo,Real Garcilaso,1.75,3.75,4.33,1.3,1.9,1.82,footystats
2024,2024-03-02,Comerciantes Unidos,Melgar,3.2,3.2,2.2,1.3,1.9,1.7,footystats
2024,2024-03-02,Sporting Cristal,Atlético Grau,1.22,4.77,8.85,1.2,1.65,2.14,footystats
2024,2024-03-01,Universitario,Sport Huancayo,1.4,4,9,1.3,1.95,2.2,footystats
2024,2024-03-01,ADT,Alianza Lima,3.25,3.6,2,1.29,1.95,1.73,footystats
2024,2024-02-29,Alianza Atlético,Deportivo Garcilaso,1.8,3.5,4.33,1.29,1.95,1.8,footystats
2024,2024-02-26,Los Chankas,Cienciano,2.24,3.26,2.95,1.23,1.69,1.63,footystats
2024,2024-02-25,Deportivo Garcilaso,César Vallejo,1.79,3.28,3.61,1.3,1.83,1.77,footystats
2024,2024-02-25,Alianza Lima,Comerciantes Unidos,1.34,4.21,6.49,1.19,1.7,2.16,footystats
2024,2024-02-25,Atlético Grau,ADT,1.35,3.99,6.76,1.23,1.77,2.02,footystats
2024,2024-02-24,Carlos Manucci,Sporting Cristal,4.3,3.7,1.65,1.22,1.75,1.72,footystats
2024,2024-02-24,Melgar,Unión Comercio,1.21,4.69,9.85,1.18,1.65,2.23,footystats
2024,2024-02-24,UTC Cajamarca,Universitario,3.15,3.15,1.98,1.33,1.89,1.77,footystats
2024,2024-02-24,Sport Boys,Real Garcilaso,2.11,3.03,2.98,0,1.89,1.67,footystats
2024,2024-02-23,Sport Huancayo,Alianza Atlético,1.42,3.83,5.73,1.22,1.71,1.91,footystats
2024,2024-02-19,Comerciantes Unidos,Atlético Grau,1.65,3.6,5,1.25,1.95,1.83,footystats
2024,2024-02-18,César Vallejo,Sport Huancayo,1.73,3.75,4.33,1.28,1.9,1.78,footystats
2024,2024-02-18,Cienciano,Sport Boys,1.53,3.8,5.5,1.18,1.73,1.75,footystats
2024,2024-02-18,Unión Comercio,Alianza Lima,3.6,3.3,1.95,1.31,2.08,1.83,footystats
2024,2024-02-17,Universitario,Melgar,1.73,3.4,4.5,1.28,1.95,1.82,footystats
2024,2024-02-17,Real Garcilaso,Deportivo Garcilaso,1.73,3.6,4.5,1.22,1.75,1.68,footystats
2024,2024-02-17,ADT,Carlos Manucci,1.45,4.2,6.5,1.26,1.9,1.96,footystats
2024,2024-02-16,Alianza Atlético,UTC Cajamarca,2.1,3.5,3.1,1.29,1.95,1.73,footystats
2024,2024-02-15,Sporting Cristal,Los Chankas,1.36,4.2,7.5,1.28,1.95,2.25,footystats
2024,2024-02-12,Atlético Grau,Unión Comercio,1.75,3.61,4.19,1.3,1.9,1.8,footystats
2024,2024-02-11,Sport Huancayo,Real Garcilaso,1.65,3.5,5,1.38,2.15,2.1,footystats
2024,2024-02-11,Sport Boys,Deportivo Garcilaso,2.15,3.25,3.1,1.37,2.15,1.91,footystats
2024,2024-02-11,Los Chankas,ADT,2,3.3,3.4,1.38,2.1,1.91,footystats
2024,2024-02-10,Alianza Lima,Universitario,2.29,2.96,2.74,1.5,2.5,2.1,footystats
2024,2024-02-10,Carlos Manucci,Comerciantes Unidos,1.63,3.37,4.32,1.33,2.05,2,footystats
2024,2024-02-10,Melgar,Alianza Atlético,1.17,5.58,9.76,1.14,1.5,2.38,footystats
2024,2024-02-09,Cienciano,Sporting Cristal,2.44,3.11,2.44,1.38,2.2,1.91,footystats
2024,2024-02-09,UTC Cajamarca,César Vallejo,2.08,3.17,2.92,1.32,2.08,1.83,footystats
2024,2024-02-05,Comerciantes Unidos,Los Chankas,2.08,3.55,3.25,1.28,1.87,1.71,footystats
2024,2024-02-04,Deportivo Garcilaso,Sport Huancayo,2.08,3.08,2.99,1.25,1.72,1.65,footystats
2024,2024-02-04,Sport Boys,Sporting Cristal,3.9,3.5,1.88,1.3,1.9,1.77,footystats
2024,2024-02-04,Alianza Atlético,Alianza Lima,3.45,3.45,2.02,1.33,2,1.78,footystats
2024,2024-02-03,Universitario,Atlético Grau,1.28,5.35,9.2,1.2,1.68,2.05,footystats
2024,2024-02-03,Unión Comercio,Carlos Manucci,1.72,3.75,4.6,1.26,1.86,1.77,footystats
2024,2024-02-03,ADT,Cienciano,2.28,3.35,2.95,1.3,1.9,1.68,footystats
2024,2024-02-02,César Vallejo,Melgar,2.5,3.35,2.65,1.33,2,1.77,footystats
2024,2024-02-02,Real Garcilaso,UTC Cajamarca,1.42,4.4,6.8,1.22,1.75,1.89,footystats
2024,2024-01-29,Los Chankas,Unión Comercio,1.77,3.62,4.4,1.28,1.77,1.75,footystats
2024,2024-01-28,Alianza Lima,César Vallejo,1.5,4,5,1.22,1.71,1.83,footystats
2024,2024-01-28,Carlos Manucci,Universitario,3.73,3.35,1.84,1.33,2.05,1.85,footystats
2024,2024-01-28,Atlético Grau,Alianza Atlético,1.72,3.9,4.2,1.22,1.72,1.68,footystats
2024,2024-01-27,Cienciano,Comerciantes Unidos,1.4,4.6,6.25,1.18,1.57,1.8,footystats
2024,2024-01-27,Sport Huancayo,Sport Boys,1.49,4.3,5.9,1.22,1.7,1.8,footystats
2024,2024-01-27,Sporting Cristal,ADT,1.34,4.95,7.9,1.17,1.57,1.85,footystats
2024,2024-01-26,Melgar,Real Garcilaso,1.52,4.1,5.85,1.25,1.8,1.9,footystats
2024,2024-01-26,UTC Cajamarca,Deportivo Garcilaso,2.14,3.15,3.05,1.3,1.8,1.72,footystats
2025,2025-12-14,Real Garcilaso,Sporting Cristal,1.85,3.65,3.75,1.25,1.85,1.75,footystats
2025,2025-12-10,Sporting Cristal,Real Garcilaso,1.54,3.75,5,1.24,1.85,1.86,footystats
2025,2025-12-06,Alianza Lima,Sporting Cristal,2,3.2,3.4,1.31,2.11,1.83,footystats
2025,2025-12-02,Sporting Cristal,Alianza Lima,2.4,2.95,3,1.36,2.27,1.91,footystats
2025,2025-11-23,Comerciantes Unidos,ADT,4,3.1,2.07,1.3,2,1.84,footystats
2025,2025-11-23,Alianza Universidad,Juan Pablo II College,1.99,3.55,3.25,1.22,1.78,1.63,footystats
2025,2025-11-23,Alianza Lima,UTC Cajamarca,1.13,5.84,12.47,1.13,1.49,2.11,footystats
2025,2025-11-23,Cienciano,Ayacucho,1.38,4.6,6,1.17,1.67,1.88,footystats
2025,2025-11-23,Sport Huancayo,Real Garcilaso,2.15,3.3,2.87,1.25,1.82,1.64,footystats
2025,2025-11-22,Los Chankas,Universitario,4.4,3.25,1.76,1.36,2.01,1.82,footystats
2025,2025-11-19,Atlético Grau,Sporting Cristal,3.35,3.2,2.1,1.28,1.83,1.65,footystats
2025,2025-11-16,Sport Boys,Alianza Atlético,2.13,2.95,3.25,1.38,2.3,1.85,footystats
2025,2025-11-10,ADT,Los Chankas,1.58,3.95,5.25,1.19,1.72,1.75,footystats
2025,2025-11-09,Alianza Atlético,Alianza Universidad,1.43,4.2,7,1.22,1.7,1.85,footystats
2025,2025-11-09,UTC Cajamarca,Sport Huancayo,2.31,3.2,3,1.28,1.84,1.62,footystats
2025,2025-11-08,Juan Pablo II College,Atlético Grau,1.9,3.1,4.2,1.46,2.35,2.1,footystats
2025,2025-11-08,Ayacucho,Comerciantes Unidos,1.75,3.38,4,1.33,1.95,1.85,footystats
2025,2025-11-07,Universitario,Deportivo Garcilaso,1.12,7.57,20,0,1.47,2.25,footystats
2025,2025-11-07,Sporting Cristal,Cienciano,1.6,3.95,4.9,1.16,1.64,1.67,footystats
2025,2025-11-07,Real Garcilaso,Sport Boys,1.19,5.25,8.75,1.18,1.57,2.05,footystats
2025,2025-11-05,Los Chankas,Alianza Lima,2.82,3.09,2.42,1.29,2.1,1.8,footystats
2025,2025-11-02,Cienciano,Juan Pablo II College,1.22,5.75,11,1.17,1.53,1.95,footystats
2025,2025-11-02,Sport Boys,UTC Cajamarca,1.57,3.6,5,1.3,2,1.85,footystats
2025,2025-11-02,Atlético Grau,Alianza Atlético,2.7,2.93,2.75,1.43,2.2,1.8,footystats
2025,2025-11-02,Alianza Universidad,Real Garcilaso,2.75,3.55,2.11,1.24,1.75,1.64,footystats
2025,2025-11-01,Deportivo Garcilaso,ADT,2.65,3.19,2.55,1.33,2.05,1.7,footystats
2025,2025-11-01,Comerciantes Unidos,Sporting Cristal,3.75,3.3,2.05,1.29,1.92,1.7,footystats
2025,2025-11-01,Los Chankas,Ayacucho,2.15,3.2,2.95,1.3,1.93,1.7,footystats
2025,2025-10-31,Alianza Lima,Melgar,1.83,3.35,3.95,1.37,2.15,1.97,footystats
2025,2025-10-26,Melgar,Sport Huancayo,1.46,4.3,6.59,1.17,1.66,1.83,footystats
2025,2025-10-26,ADT,Universitario,3.5,3.2,2.05,1.33,2.33,1.92,footystats
2025,2025-10-26,UTC Cajamarca,Alianza Universidad,2.01,3.25,3.15,1.29,1.93,1.7,footystats
2025,2025-10-26,Sporting Cristal,Los Chankas,1.25,7.23,8.2,1.12,1.48,2.3,footystats
2025,2025-10-25,Real Garcilaso,Atlético Grau,1.35,3.95,7,1.29,1.75,1.95,footystats
2025,2025-10-25,Alianza Atlético,Cienciano,2.05,3.25,3.5,1.29,1.98,1.75,footystats
2025,2025-10-25,Ayacucho,Deportivo Garcilaso,2.2,3,3,1.34,2.16,2,footystats
2025,2025-10-24,Juan Pablo II College,Comerciantes Unidos,1.83,3.2,4.25,1.34,2.07,1.93,footystats
2025,2025-10-23,Sporting Cristal,Universitario,3.1,2.66,2.2,1.36,2.25,1.92,footystats
2025,2025-10-20,Universitario,Ayacucho,1.11,8.75,33,1.12,1.47,3.04,footystats
2025,2025-10-20,Sport Boys,Melgar,3.41,3.25,2.1,1.38,2.15,1.85,footystats
2025,2025-10-20,Sport Huancayo,Alianza Lima,2.5,3.1,2.75,1.26,1.93,1.71,footystats
2025,2025-10-19,Deportivo Garcilaso,Sporting Cristal,2.16,3.45,2.83,1.28,1.9,1.65,footystats
2025,2025-10-19,Atlético Grau,UTC Cajamarca,1.43,4.1,5.85,1.18,1.72,1.88,footystats
2025,2025-10-18,Cienciano,Real Garcilaso,2.3,3.1,3,1.31,1.95,1.7,footystats
2025,2025-10-18,Comerciantes Unidos,Alianza Atlético,2.3,2.91,3.11,1.37,2.29,1.9,footystats
2025,2025-10-18,Los Chankas,Juan Pablo II College,1.63,3.66,3.68,1.26,1.92,1.89,footystats
2025,2025-10-16,Alianza Lima,Sport Boys,1.44,4,6.25,1.22,1.82,2.07,footystats
2025,2025-10-14,Melgar,Alianza Universidad,1.28,5,8,1.18,1.62,2,footystats
2025,2025-10-13,Juan Pablo II College,Deportivo Garcilaso,2,3.2,3.51,0,2.05,1.83,footystats
2025,2025-10-13,UTC Cajamarca,Cienciano,2.85,3.2,2.22,1.28,1.85,1.68,footystats
2025,2025-10-12,Real Garcilaso,Comerciantes Unidos,1.45,4.1,6.25,1.25,1.8,1.98,footystats
2025,2025-10-12,Alianza Atlético,Los Chankas,1.53,4.15,5.6,1.3,1.91,2,footystats
2025,2025-10-12,Ayacucho,ADT,2.55,3.05,2.65,1.36,2.15,1.85,footystats
2025,2025-10-05,Universitario,Juan Pablo II College,1.16,6.7,14.5,1.17,1.53,2.69,footystats
2025,2025-10-05,Deportivo Garcilaso,Alianza Atlético,1.55,3.19,5,1.33,2.07,1.95,footystats
2025,2025-10-05,Atlético Grau,Melgar,2.3,2.85,2.8,1.3,2,1.75,footystats
2025,2025-10-05,Alianza Universidad,Alianza Lima,3.75,3.37,2,1.32,1.86,1.71,footystats
2025,2025-10-04,Sport Boys,Sport Huancayo,1.93,3.3,3.4,1.3,1.95,1.82,footystats
2025,2025-10-04,ADT,Sporting Cristal,2.09,3.1,3.52,1.28,2.05,1.81,footystats
2025,2025-10-04,Los Chankas,Real Garcilaso,2.7,3.2,2.25,1.28,1.85,1.65,footystats
2025,2025-10-03,Comerciantes Unidos,UTC Cajamarca,2.3,3.05,3.1,1.26,1.94,1.74,footystats
2025,2025-10-02,Melgar,Cienciano,1.74,3.6,3.75,1.2,1.67,1.62,footystats
2025,2025-10-01,Alianza Lima,Atlético Grau,1.37,5.2,6.4,1.34,1.91,2.05,footystats
2025,2025-10-01,Alianza Atlético,Universitario,5.7,3.4,1.63,1.38,2.14,2,footystats
2025,2025-09-30,Real Garcilaso,Deportivo Garcilaso,1.95,3.3,3.2,1.28,1.85,1.74,footystats
2025,2025-09-30,Juan Pablo II College,ADT,2.42,3,3.25,1.38,2.15,1.83,footystats
2025,2025-09-30,Sport Huancayo,Alianza Universidad,1.55,4.05,5.3,1.2,1.65,1.72,footystats
2025,2025-09-29,Sporting Cristal,Ayacucho,1.18,5.25,8.5,1.11,1.57,2.03,footystats
2025,2025-09-29,UTC Cajamarca,Los Chankas,2.3,3.48,2.95,1.3,1.95,1.73,footystats
2025,2025-09-28,Cienciano,Alianza Lima,2.1,3.25,3.5,1.26,1.85,1.76,footystats
2025,2025-09-27,Universitario,Real Garcilaso,1.36,4.2,7.8,1.25,1.82,2.06,footystats
2025,2025-09-27,Comerciantes Unidos,Melgar,4.59,3.55,1.66,1.34,2.15,2,footystats
2025,2025-09-26,Atlético Grau,Sport Huancayo,1.7,4.1,4.75,1.24,1.95,1.85,footystats
2025,2025-09-26,ADT,Alianza Atlético,1.67,3.6,4.75,1.31,2.09,1.96,footystats
2025,2025-09-26,Alianza Universidad,Sport Boys,2.25,3.2,2.8,1.35,1.88,1.94,footystats
2025,2025-09-25,Deportivo Garcilaso,UTC Cajamarca,1.46,4.35,5.6,1.24,1.89,2.08,footystats
2025,2025-09-25,Ayacucho,Juan Pablo II College,1.83,3.5,3.7,1.28,2.13,1.84,footystats
2025,2025-09-22,Sport Boys,Atlético Grau,2.48,3.1,2.9,1.45,2.4,2.02,footystats
2025,2025-09-22,Real Garcilaso,ADT,1.46,4.17,5.5,1.15,1.59,1.76,footystats
2025,2025-09-22,Alianza Atlético,Ayacucho,1.46,3.75,6,1.33,2.2,2.32,footystats
2025,2025-09-21,Alianza Lima,Comerciantes Unidos,1.22,5.85,10.5,1.15,1.61,2.19,footystats
2025,2025-09-21,Sport Huancayo,Cienciano,2.25,3.1,3,1.28,2.03,1.72,footystats
2025,2025-09-21,Juan Pablo II College,Sporting Cristal,4,3.3,1.83,1.25,1.95,1.85,footystats
2025,2025-09-21,Melgar,Los Chankas,1.35,4.5,7.2,1.12,1.51,1.83,footystats
2025,2025-09-20,UTC Cajamarca,Universitario,11,4.2,1.26,1.26,1.9,2.25,footystats
2025,2025-09-18,Deportivo Garcilaso,Melgar,2.98,3.15,2.3,1.32,2.1,1.8,footystats
2025,2025-09-18,Atlético Grau,Alianza Universidad,1.55,4,5.7,1.33,1.89,2.05,footystats
2025,2025-09-18,Ayacucho,Real Garcilaso,3.79,3.35,2.05,1.32,2,1.85,footystats
2025,2025-09-17,Cienciano,Sport Boys,1.44,4.25,5.9,1.19,1.72,1.85,footystats
2025,2025-09-17,Comerciantes Unidos,Sport Huancayo,2.8,3.1,2.48,1.33,1.8,1.75,footystats
2025,2025-09-17,Sporting Cristal,Alianza Atlético,1.37,3.9,5.25,1.23,1.83,2.04,footystats
2025,2025-09-16,ADT,UTC Cajamarca,1.63,3.6,4.2,1.25,1.75,1.75,footystats
2025,2025-09-14,Real Garcilaso,Sporting Cristal,1.98,3.25,3.5,1.3,2.02,1.57,footystats
2025,2025-09-14,Melgar,Universitario,2.26,2.98,3.3,1.42,2.3,2,footystats
2025,2025-09-14,Alianza Universidad,Cienciano,2.47,3.2,2.65,1.3,1.91,1.63,footystats
2025,2025-09-13,Alianza Lima,Deportivo Garcilaso,1.22,5.71,13,1.33,1.65,2.1,footystats
2025,2025-09-13,Alianza Atlético,Juan Pablo II College,1.5,3.75,5.5,1.33,2.12,2.2,footystats
2025,2025-09-13,Sport Boys,Comerciantes Unidos,1.54,3.85,4.8,1.33,2.1,2.12,footystats
2025,2025-09-12,Sport Huancayo,Los Chankas,1.53,4,5.75,1.18,1.71,1.8,footystats
2025,2025-09-12,UTC Cajamarca,Ayacucho,2,3.1,3.4,1.38,2.3,2,footystats
2025,2025-08-31,Atlético Grau,ADT,1.57,3.67,4.9,1.25,1.98,1.83,footystats
2025,2025-08-30,Alianza Universidad,Los Chankas,1.84,3.64,4.35,1.22,1.8,1.73,footystats
2025,2025-08-24,Universitario,Alianza Lima,2.05,2.79,4,1.53,2.64,2.1,footystats
2025,2025-08-24,Cienciano,Atlético Grau,1.48,4.1,5.5,1.3,1.96,2.07,footystats
2025,2025-08-24,ADT,Melgar,3.05,3.35,2.35,1.33,1.93,1.77,footystats
2025,2025-08-23,Deportivo Garcilaso,Sport Huancayo,2.4,2.9,2.91,1.33,2.1,1.85,footystats
2025,2025-08-23,Comerciantes Unidos,Alianza Universidad,2.3,3,2.9,1.32,2.1,1.77,footystats
2025,2025-08-23,Los Chankas,Sport Boys,1.65,3.5,4.5,1.3,1.95,1.92,footystats
2025,2025-08-23,Sporting Cristal,UTC Cajamarca,1.19,6.5,14,1.13,1.42,2,footystats
2025,2025-08-22,Juan Pablo II College,Real Garcilaso,3.5,3.3,2.17,1.29,1.95,1.73,footystats
2025,2025-08-17,Real Garcilaso,Alianza Atlético,1.35,4.4,7.5,1.25,1.79,2,footystats
2025,2025-08-17,Melgar,Ayacucho,1.48,4.9,7.1,1.17,1.67,2.05,footystats
2025,2025-08-17,Sport Huancayo,Universitario,2.2,3,3.15,1.38,2.26,1.98,footystats
2025,2025-08-16,Alianza Lima,ADT,1.4,4.2,7.5,1.2,1.81,2,footystats
2025,2025-08-16,UTC Cajamarca,Juan Pablo II College,1.88,3.41,4,1.3,2.05,1.85,footystats
2025,2025-08-15,Sport Boys,Deportivo Garcilaso,1.65,3.3,5,1.37,2.18,2.1,footystats
2025,2025-08-15,Atlético Grau,Comerciantes Unidos,1.33,4.4,7.4,1.23,1.87,2.32,footystats
2025,2025-08-11,Deportivo Garcilaso,Alianza Universidad,1.61,3.6,4.5,1.28,2.08,1.8,footystats
2025,2025-08-11,Alianza Atlético,UTC Cajamarca,1.41,4.2,6,1.26,2.05,2.1,footystats
2025,2025-08-10,Los Chankas,Atlético Grau,1.94,3.15,3.81,1.34,2.18,1.83,footystats
2025,2025-08-10,Sporting Cristal,Melgar,1.66,3.55,4.2,1.29,1.85,1.85,footystats
2025,2025-08-09,Universitario,Sport Boys,1.3,4.6,9.17,1.28,2.05,2.1,footystats
2025,2025-08-09,ADT,Sport Huancayo,2.3,3.25,2.75,1.25,1.95,1.69,footystats
2025,2025-08-09,Ayacucho,Alianza Lima,3.8,3.47,1.82,1.4,2.1,1.98,footystats
2025,2025-08-08,Comerciantes Unidos,Cienciano,3.24,3.13,2.3,1.27,1.9,1.75,footystats
2025,2025-08-06,Atlético Grau,Deportivo Garcilaso,1.5,3.95,6.71,0,2.05,1.91,footystats
2025,2025-08-05,Alianza Lima,Sporting Cristal,2.07,3.18,3.53,1.24,1.7,1.74,footystats
2025,2025-08-05,Melgar,Juan Pablo II College,1.22,6,11,1.19,1.6,2.2,footystats
2025,2025-08-05,Alianza Universidad,Universitario,4.6,3.5,1.67,1.33,2.07,1.92,footystats
2025,2025-08-04,Cienciano,Los Chankas,1.64,4.5,6.05,1.2,1.62,1.73,footystats
2025,2025-08-04,Sport Boys,ADT,1.93,3.25,3.05,1.25,1.87,1.73,footystats
2025,2025-08-04,UTC Cajamarca,Real Garcilaso,3,3.4,2.15,1.25,1.91,1.75,footystats
2025,2025-08-03,Sport Huancayo,Ayacucho,1.66,3.64,5,1.26,1.91,1.91,footystats
2025,2025-08-01,Deportivo Garcilaso,Cienciano,3.1,3.1,2.1,1.27,2,1.72,footystats
2025,2025-08-01,Alianza Atlético,Melgar,2.3,3.22,3.15,1.36,2.23,1.85,footystats
2025,2025-08-01,Los Chankas,Comerciantes Unidos,1.77,3.28,4.45,1.32,1.8,1.8,footystats
2025,2025-07-31,Universitario,Atlético Grau,1.24,3.8,8.5,1.32,2.16,2.3,footystats
2025,2025-07-31,Juan Pablo II College,Alianza Lima,7.5,4.2,1.46,1.28,2,1.97,footystats
2025,2025-07-31,ADT,Alianza Universidad,1.63,3.8,5.25,1.19,1.74,1.67,footystats
2025,2025-07-30,Sporting Cristal,Sport Huancayo,1.47,4,6.6,1.17,1.73,1.73,footystats
2025,2025-07-30,Ayacucho,Sport Boys,1.98,3.09,3.9,1.46,2.37,2.1,footystats
2025,2025-07-27,Alianza Lima,Alianza Atlético,1.33,4.6,8,1.35,2.1,2.3,footystats
2025,2025-07-27,Comerciantes Unidos,Deportivo Garcilaso,2.9,3.14,2.3,1.3,2.1,1.77,footystats
2025,2025-07-27,Melgar,Real Garcilaso,1.6,3.75,4.75,1.21,1.92,1.76,footystats
2025,2025-07-26,Cienciano,Universitario,2.25,3.05,2.32,1.48,2.44,1.9,footystats
2025,2025-07-26,Sport Boys,Sporting Cristal,4.38,3.5,1.65,1.28,1.9,1.79,footystats
2025,2025-07-26,Alianza Universidad,Ayacucho,1.75,3.5,4.5,1.27,1.99,1.85,footystats
2025,2025-07-25,Deportivo Binacional,UTC Cajamarca,1.8,3.25,3.73,1.3,1.91,1.81,footystats
2025,2025-07-25,Sport Huancayo,Juan Pablo II College,1.37,4.6,8.6,1.31,1.87,2.19,footystats
2025,2025-07-20,Juan Pablo II College,Sport Boys,1.96,3.03,4.08,1.36,2.1,1.85,footystats
2025,2025-07-20,Ayacucho,Atlético Grau,2.61,3,2.88,1.43,2.42,1.94,footystats
2025,2025-07-20,Sporting Cristal,Alianza Universidad,1.22,5.9,10.74,1.13,1.44,1.87,footystats
2025,2025-07-19,Real Garcilaso,Alianza Lima,1.8,3.4,4.5,1.31,2.05,1.91,footystats
2025,2025-07-19,ADT,Cienciano,2.15,3.2,3,1.2,1.7,1.6,footystats
2025,2025-07-19,UTC Cajamarca,Melgar,3.25,3.2,1.95,1.36,2.15,1.83,footystats
2025,2025-07-18,Universitario,Comerciantes Unidos,1.05,11,33,1.07,1.38,3.1,footystats
2025,2025-07-18,Deportivo Garcilaso,Los Chankas,2.08,3.35,3.8,1.2,2,1.57,footystats
2025,2025-07-18,Alianza Atlético,Sport Huancayo,1.59,3.25,4.3,1.31,2,2.05,footystats
2025,2025-07-13,Real Garcilaso,Sport Huancayo,1.96,3.15,4.08,1.25,1.8,1.62,footystats
2025,2025-07-13,Juan Pablo II College,Alianza Universidad,1.98,3.42,3.6,1.25,1.85,1.62,footystats
2025,2025-07-13,Ayacucho,Cienciano,3,3.36,2.18,1.28,2,1.8,footystats
2025,2025-07-13,Sporting Cristal,Atlético Grau,1.5,3.7,6.05,1.29,1.85,1.91,footystats
2025,2025-07-12,Alianza Atlético,Sport Boys,1.63,3.5,5.5,1.44,2.38,2.2,footystats
2025,2025-07-12,Universitario,Los Chankas,1.08,8.75,26,1.15,1.5,3.3,footystats
2025,2025-07-12,UTC Cajamarca,Alianza Lima,6.3,3.7,1.5,1.32,2.1,2.15,footystats
2025,2025-07-12,Deportivo Binacional,Melgar,5.5,3.78,1.57,1.3,2,1.95,footystats
2025,2025-07-11,ADT,Comerciantes Unidos,1.38,5,7.67,1.17,1.61,1.91,footystats
2025,2025-07-06,Deportivo Garcilaso,Universitario,3.25,3.4,2.15,1.4,2.25,1.83,footystats
2025,2025-07-06,Sport Boys,Real Garcilaso,1.91,3.45,3.4,1.25,1.8,1.65,footystats
2025,2025-07-05,Alianza Lima,Deportivo Binacional,1.08,9.4,15,1.1,1.37,2.55,footystats
2025,2025-07-05,Alianza Universidad,Alianza Atlético,2.65,3,2.6,1.33,2.09,1.77,footystats
2025,2025-07-05,Cienciano,Sporting Cristal,1.9,3.53,3.35,1.16,1.62,1.57,footystats
2025,2025-07-05,Comerciantes Unidos,Ayacucho,1.95,3.2,3.05,1.27,2.05,1.88,footystats
2025,2025-07-04,Los Chankas,ADT,2.52,3.25,2.6,1.22,1.73,1.57,footystats
2025,2025-07-04,Sport Huancayo,UTC Cajamarca,1.5,4.18,6.25,1.25,1.68,1.83,footystats
2025,2025-07-02,Juan Pablo II College,Melgar,4.42,3.1,1.99,1.31,1.93,2.6,footystats
2025,2025-06-29,Real Garcilaso,Alianza Universidad,1.5,4.33,6,1.14,1.57,1.73,footystats
2025,2025-06-29,Alianza Atlético,Atlético Grau,2.2,3,3.7,1.5,2.5,2.1,footystats
2025,2025-06-29,Sporting Cristal,Comerciantes Unidos,1.18,7,13,1.12,1.4,2,footystats
2025,2025-06-28,Melgar,Alianza Lima,1.83,3.25,4.5,1.4,2.3,2.1,footystats
2025,2025-06-28,UTC Cajamarca,Sport Boys,2.2,3.2,3.3,1.36,2,1.8,footystats
2025,2025-06-28,ADT,Deportivo Garcilaso,1.73,3.7,4.75,1.22,1.73,1.67,footystats
2025,2025-06-27,Deportivo Binacional,Sport Huancayo,3.1,3.5,2.15,1.22,1.85,1.73,footystats
2025,2025-06-27,Juan Pablo II College,Cienciano,2.1,3.2,3.3,1.27,2.05,1.8,footystats
2025,2025-06-27,Ayacucho,Los Chankas,1.9,3.5,3.9,1.25,1.95,1.8,footystats
2025,2025-06-25,Atlético Grau,Universitario,7,3.5,1.57,1.5,2.5,2.63,footystats
2025,2025-06-22,Cienciano,Alianza Atlético,1.57,3.7,6.25,1.34,2.25,2.25,footystats
2025,2025-06-22,Comerciantes Unidos,Juan Pablo II College,2.2,3.1,3.3,1.26,2,1.73,footystats
2025,2025-06-22,Sport Boys,Deportivo Binacional,1.33,5,8.5,1.18,1.6,1.91,footystats
2025,2025-06-21,Deportivo Garcilaso,Ayacucho,1.45,4.5,7,1.25,1.9,2.1,footystats
2025,2025-06-21,Los Chankas,Sporting Cristal,3.1,3.4,2.2,1.22,1.75,1.62,footystats
2025,2025-06-21,Sport Huancayo,Melgar,1.91,3.6,3.7,1.31,1.95,1.8,footystats
2025,2025-06-20,Universitario,ADT,1.27,5.75,7.5,1.13,1.53,2,footystats
2025,2025-06-20,Alianza Universidad,UTC Cajamarca,1.65,3.6,5.5,1.28,1.8,1.8,footystats
2025,2025-06-19,Atlético Grau,Real Garcilaso,1.7,3.5,5,1.31,1.85,1.8,footystats
2025,2025-06-18,Comerciantes Unidos,Alianza Lima,8.5,5.5,1.29,1.22,1.9,2.63,footystats
2025,2025-06-15,Deportivo Binacional,Alianza Universidad,2.25,3.6,2.88,1.25,1.8,1.67,footystats
2025,2025-06-15,Ayacucho,Universitario,5.25,3.9,1.62,1.3,2.15,2.2,footystats
2025,2025-06-15,Sporting Cristal,Deportivo Garcilaso,1.33,4.75,10,1.26,1.8,2.2,footystats
2025,2025-06-14,Alianza Lima,Sport Huancayo,1.38,4.5,9,1.27,1.85,2.25,footystats
2025,2025-06-14,Juan Pablo II College,Los Chankas,1.83,3.25,4.5,1.33,2.25,2,footystats
2025,2025-06-14,Melgar,Sport Boys,1.25,5.5,10,1.13,1.67,2.2,footystats
2025,2025-06-13,Real Garcilaso,Cienciano,2.5,3.4,2.75,1.27,1.95,1.73,footystats
2025,2025-06-13,UTC Cajamarca,Atlético Grau,2.88,2.9,2.6,1.47,2.25,1.83,footystats
2025,2025-06-12,Alianza Atlético,Comerciantes Unidos,1.36,4.5,9,1.29,1.95,2.5,footystats
2025,2025-06-01,Los Chankas,Alianza Atlético,1.95,3.25,3.9,1.42,2.3,2,footystats
2025,2025-05-25,Deportivo Garcilaso,Juan Pablo II College,1.36,4.75,7,1.22,1.7,2,footystats
2025,2025-05-25,ADT,Ayacucho,1.36,5,7.5,1.18,1.57,1.83,footystats
2025,2025-05-24,Cienciano,UTC Cajamarca,1.33,4.75,8,1.2,1.67,2,footystats
2025,2025-05-24,Atlético Grau,Deportivo Binacional,1.29,5.5,9,1.21,1.67,2.2,footystats
2025,2025-05-24,Comerciantes Unidos,Real Garcilaso,3,3.6,2.2,1.29,1.9,1.73,footystats
2025,2025-05-23,Sport Boys,Alianza Lima,4.2,3.4,1.9,1.32,2,1.83,footystats
2025,2025-05-23,Alianza Universidad,Melgar,3.3,3.2,2.15,1.29,1.95,1.73,footystats
2025,2025-05-22,Universitario,Sporting Cristal,1.83,3.4,4.33,1.27,2,1.83,footystats
2025,2025-05-19,Alianza Lima,Alianza Universidad,1.29,5,11,1.18,1.65,2.1,footystats
2025,2025-05-19,Deportivo Binacional,Cienciano,3.4,3.4,2.1,1.19,1.8,1.62,footystats
2025,2025-05-18,Melgar,Atlético Grau,1.42,4.2,8,1.22,1.8,2,footystats
2025,2025-05-18,Juan Pablo II College,Universitario,12,6,1.2,1.18,1.62,2.38,footystats
2025,2025-05-18,Sport Huancayo,Sport Boys,1.53,4.2,5.75,1.2,1.67,1.73,footystats
2025,2025-05-17,Real Garcilaso,Los Chankas,1.55,4.1,5.25,1.19,1.73,1.8,footystats
2025,2025-05-17,Sporting Cristal,ADT,1.36,4.75,8,1.13,1.57,1.8,footystats
2025,2025-05-17,UTC Cajamarca,Comerciantes Unidos,2,3.3,3.8,1.23,2,1.73,footystats
2025,2025-05-16,Alianza Atlético,Deportivo Garcilaso,1.75,3.3,4.75,1.42,2.25,2.2,footystats
2025,2025-05-12,Alianza Universidad,Sport Huancayo,2.1,3.5,3,1.25,1.85,1.73,footystats
2025,2025-05-11,Universitario,Alianza Atlético,1.42,4.5,7,1.15,1.95,2.2,footystats
2025,2025-05-11,Deportivo Garcilaso,Real Garcilaso,2.63,2.88,2.9,1.36,2.1,1.8,footystats
2025,2025-05-11,ADT,Juan Pablo II College,1.33,5.25,7.5,1.17,1.57,1.83,footystats
2025,2025-05-11,Los Chankas,UTC Cajamarca,1.7,3.5,4.75,1.32,1.95,1.83,footystats
2025,2025-05-10,Cienciano,Melgar,2.88,3.2,2.5,1.3,2,1.73,footystats
2025,2025-05-10,Atlético Grau,Alianza Lima,5,3.5,1.7,1.38,2.25,2.2,footystats
2025,2025-05-10,Ayacucho,Sporting Cristal,1.9,3.4,3.6,1.24,1.75,1.62,footystats
2025,2025-05-09,Comerciantes Unidos,Deportivo Binacional,1.75,3.4,4.75,1.25,1.85,1.73,footystats
2025,2025-05-04,Deportivo Binacional,Los Chankas,2.15,3.3,3.2,1.25,1.95,1.73,footystats
2025,2025-05-04,Alianza Atlético,ADT,2,3.3,3.6,1.28,2,1.8,footystats
2025,2025-05-04,Sport Boys,Alianza Universidad,1.6,4,5.25,1.19,1.7,1.73,footystats
2025,2025-05-03,Real Garcilaso,Universitario,2.55,3.1,2.8,1.35,2.3,1.91,footystats
2025,2025-05-03,Juan Pablo II College,Ayacucho,1.75,3.7,4.33,1.32,1.7,1.67,footystats
2025,2025-05-03,UTC Cajamarca,Deportivo Garcilaso,2.88,2.9,2.63,1.3,1.95,1.67,footystats
2025,2025-05-02,Alianza Lima,Cienciano,1.3,4.75,10,1.22,1.73,2.2,footystats
2025,2025-05-02,Sport Huancayo,Atlético Grau,1.5,3.8,7,1.24,1.85,1.91,footystats
2025,2025-05-01,Melgar,Comerciantes Unidos,1.2,6,13,1.15,1.5,2.1,footystats
2025,2025-04-28,Cienciano,Sport Huancayo,2.2,3.3,3.1,1.24,1.85,1.67,footystats
2025,2025-04-28,ADT,Real Garcilaso,2.1,3.3,3.4,1.19,1.7,1.57,footystats
2025,2025-04-28,Sporting Cristal,Juan Pablo II College,1.22,6.5,10,1.09,1.33,1.73,footystats
2025,2025-04-27,Universitario,UTC Cajamarca,1.17,8,13,1.12,1.53,2.5,footystats
2025,2025-04-27,Atlético Grau,Sport Boys,1.83,3.4,4.5,1.33,2.08,1.91,footystats
2025,2025-04-27,Los Chankas,Melgar,3.5,3.25,2.05,1.33,1.95,1.73,footystats
2025,2025-04-26,Deportivo Garcilaso,Deportivo Binacional,1.3,5,8,1.22,1.73,2.2,footystats
2025,2025-04-26,Ayacucho,Alianza Atlético,2.2,2.9,3.5,1.53,2.6,2.2,footystats
2025,2025-04-20,Sport Huancayo,Comerciantes Unidos,1.36,4.75,8.5,1.22,1.7,2,footystats
2025,2025-04-20,UTC Cajamarca,ADT,2.9,3.1,2.35,1.27,1.95,1.67,footystats
2025,2025-04-19,Real Garcilaso,Ayacucho,1.45,4,7.5,1.2,1.85,2,footystats
2025,2025-04-19,Alianza Atlético,Sporting Cristal,3.3,3.5,2.05,1.28,1.95,1.73,footystats
2025,2025-04-19,Sport Boys,Cienciano,1.73,3.6,4.75,1.23,1.95,1.83,footystats
2025,2025-04-18,Alianza Lima,Los Chankas,1.3,6,7.5,1.2,1.67,2.2,footystats
2025,2025-04-18,Deportivo Binacional,Universitario,2.9,3.25,2.35,1.31,2.15,1.83,footystats
2025,2025-04-18,Melgar,Deportivo Garcilaso,1.53,3.8,6.5,1.32,1.95,2,footystats
2025,2025-04-17,Alianza Universidad,Atlético Grau,2.4,3.1,3,1.27,2.05,1.8,footystats
2025,2025-04-14,Deportivo Garcilaso,Alianza Lima,2.15,3,3.6,1.3,2.1,1.8,footystats
2025,2025-04-13,Universitario,Melgar,1.83,3.2,4.75,1.33,2.1,1.91,footystats
2025,2025-04-13,ADT,Deportivo Binacional,1.29,5.25,10,1.17,1.57,1.91,footystats
2025,2025-04-13,Comerciantes Unidos,Sport Boys,2.2,3.2,3.25,1.3,2.1,1.83,footystats
2025,2025-04-13,Sporting Cristal,Real Garcilaso,1.4,4.33,8,1.14,1.65,1.83,footystats
2025,2025-04-12,Cienciano,Alianza Universidad,1.48,4.33,5.75,1.16,1.67,1.83,footystats
2025,2025-04-12,Juan Pablo II College,Alianza Atlético,2.75,3.3,2.45,1.45,2.35,2,footystats
2025,2025-04-11,Los Chankas,Sport Huancayo,2.35,3.2,3,1.3,1.95,1.73,footystats
2025,2025-04-11,Ayacucho,UTC Cajamarca,1.9,3.5,4,1.36,2.1,1.91,footystats
2025,2025-04-06,Alianza Universidad,Comerciantes Unidos,1.65,3.7,5.25,1.22,1.75,1.73,footystats
2025,2025-04-06,UTC Cajamarca,Sporting Cristal,2.63,3.8,2.3,1.29,1.85,1.73,footystats
2025,2025-04-06,Sport Boys,Los Chankas,1.6,3.8,5.5,1.22,1.75,1.8,footystats
2025,2025-04-06,Real Garcilaso,Juan Pablo II College,1.25,6,11,1.22,1.67,2.25,footystats
2025,2025-04-05,Alianza Lima,Universitario,2.3,3.25,3.1,1.41,2.4,2.1,footystats
2025,2025-04-05,Melgar,ADT,1.48,4,7,1.19,1.67,1.8,footystats
2025,2025-04-05,Atlético Grau,Cienciano,1.62,3.7,5.5,1.29,1.9,1.83,footystats
2025,2025-04-04,Sport Huancayo,Deportivo Garcilaso,2.05,3.2,3.6,1.3,1.95,1.73,footystats
2025,2025-04-04,Deportivo Binacional,Ayacucho,1.7,4,4.33,1.18,1.67,1.67,footystats
2025,2025-03-30,Juan Pablo II College,UTC Cajamarca,2.1,3.2,3.5,1.42,2.4,2.1,footystats
2025,2025-03-30,Los Chankas,Alianza Universidad,1.91,3.4,3.7,1.22,1.67,1.57,footystats
2025,2025-03-29,Deportivo Garcilaso,Sport Boys,1.45,3.9,7,1.22,1.75,1.83,footystats
2025,2025-03-29,Sporting Cristal,Deportivo Binacional,1.11,7.5,17,1.11,1.33,2.1,footystats
2025,2025-03-29,ADT,Alianza Lima,1.48,3.9,6,1.22,1.85,1.91,footystats
2025,2025-03-28,Universitario,Sport Huancayo,1.27,4.75,12,1.27,1.95,2.63,footystats
2025,2025-03-28,Alianza Atlético,Real Garcilaso,1.67,3.3,5,1.4,2.2,2.1,footystats
2025,2025-03-27,Ayacucho,Melgar,5,3.7,1.57,1.24,1.85,1.83,footystats
2025,2025-03-27,Comerciantes Unidos,Atlético Grau,3.1,3.1,2.25,1.41,2.3,1.91,footystats
2025,2025-03-23,Los Chankas,Cienciano,2.55,3.4,2.6,1.27,1.8,1.62,footystats
2025,2025-03-10,Deportivo Binacional,Juan Pablo II College,1.3,5,10,1.27,1.85,2.38,footystats
2025,2025-03-10,Atlético Grau,Los Chankas,1.38,4.33,8,1.26,1.8,2.1,footystats
2025,2025-03-09,Cienciano,Comerciantes Unidos,1.4,5,6,1.22,1.7,1.91,footystats
2025,2025-03-09,Sport Boys,Universitario,6.5,4.1,1.48,1.33,2,2.2,footystats
2025,2025-03-08,Melgar,Sporting Cristal,1.75,3.8,4,2.1,1.7,1.67,footystats
2025,2025-03-08,Sport Huancayo,ADT,2.15,3.2,3.5,1.26,1.85,1.67,footystats
2025,2025-03-08,UTC Cajamarca,Alianza Atlético,2.2,2.9,3.5,1.33,2.25,1.83,footystats
2025,2025-03-07,Alianza Lima,Ayacucho,1.22,5.75,12,1.18,1.57,2.1,footystats
2025,2025-03-07,Alianza Universidad,Deportivo Garcilaso,2.2,3.4,3.1,1.21,1.7,1.57,footystats
2025,2025-03-02,Universitario,Alianza Universidad,1.18,6.25,15,1.14,1.5,2.2,footystats
2025,2025-03-02,Ayacucho,Sport Huancayo,2.63,3.5,2.45,1.35,2.1,1.83,footystats
2025,2025-03-01,Sporting Cristal,Alianza Lima,1.85,3.4,4.5,1.31,2,1.83,footystats
2025,2025-03-01,Alianza Atlético,Deportivo Binacional,1.42,4,8,1.29,2.05,2.15,footystats
2025,2025-03-01,Real Garcilaso,UTC Cajamarca,1.38,4.33,8.5,1.27,1.75,2,footystats
2025,2025-02-28,Deportivo Garcilaso,Atlético Grau,1.73,3.5,5,1.33,2.05,1.91,footystats
2025,2025-02-27,ADT,Sport Boys,1.44,4.5,6.5,1.21,1.85,2.1,footystats
2025,2025-02-24,Deportivo Binacional,Real Garcilaso,2.25,3.3,3.1,1.32,1.95,1.73,footystats
2025,2025-02-23,Melgar,Alianza Atlético,1.33,4.75,8.5,1.23,1.75,2.1,footystats
2025,2025-02-23,Alianza Universidad,ADT,2.2,3.2,3.25,1.2,1.75,1.57,footystats
2025,2025-02-22,Cienciano,Deportivo Garcilaso,2.45,3.2,2.8,1.3,2,1.73,footystats
2025,2025-02-22,Sport Huancayo,Sporting Cristal,2.5,3.4,2.63,1.25,1.8,1.67,footystats
2025,2025-02-22,Sport Boys,Ayacucho,1.67,3.8,4.75,1.29,1.95,1.91,footystats
2025,2025-02-22,Comerciantes Unidos,Los Chankas,2.25,3.2,3.2,1.32,2.08,1.83,footystats
2025,2025-02-21,Alianza Lima,Juan Pablo II College,1.2,5.5,11,1.19,1.65,2.2,footystats
2025,2025-02-17,Ayacucho,Alianza Universidad,2.6,2.88,2.9,1.31,2.1,1.83,footystats
2025,2025-02-16,Deportivo Garcilaso,Comerciantes Unidos,1.3,5.25,9,1.23,1.73,2.25,footystats
2025,2025-02-16,Juan Pablo II College,Sport Huancayo,2.8,3.1,2.6,1.36,2.15,1.83,footystats
2025,2025-02-16,Sporting Cristal,Sport Boys,1.38,4.33,8,1.21,1.65,1.83,footystats
2025,2025-02-15,Universitario,Cienciano,1.25,5,15,1.27,1.8,2.63,footystats
2025,2025-02-15,Alianza Atlético,Alianza Lima,5.25,3.4,1.7,1.52,2.5,2.38,footystats
2025,2025-02-15,ADT,Atlético Grau,1.67,3.7,5.25,1.35,2.1,2,footystats
2025,2025-02-15,UTC Cajamarca,Deportivo Binacional,1.67,3.5,5.5,1.34,2.1,2.1,footystats
2025,2025-02-14,Real Garcilaso,Melgar,2.8,3.3,2.4,2.89,1.75,1.57,footystats
2025,2025-02-10,Los Chankas,Deportivo Garcilaso,2.7,3.1,2.7,1.28,1.9,1.67,footystats
2025,2025-02-09,Cienciano,ADT,2,3.5,3.5,1.28,2,1.83,footystats
2025,2025-02-09,Comerciantes Unidos,Universitario,7,3.4,1.57,3.62,2.4,2.38,footystats
2025,2025-02-09,Sport Boys,Juan Pablo II College,1.57,4.1,5.25,1.36,2.1,2.2,footystats
2025,2025-02-09,Alianza Universidad,Sporting Cristal,4.33,3.4,1.9,1.29,2,1.8,footystats
2025,2025-02-08,Alianza Lima,Real Garcilaso,1.38,4.5,8,1.22,1.85,2.1,footystats
2025,2025-02-08,Atlético Grau,Ayacucho,1.33,5.25,8,2.7,1.67,2,footystats
2025,2025-02-08,Melgar,UTC Cajamarca,1.17,7,12,1.12,1.57,2.5,footystats
2025,2025-02-07,Sport Huancayo,Alianza Atlético,1.5,4,6.5,1.42,2.2,2.38,footystats
